date,type,region,name,lower,mean,upper
2025-12-27,다자,Seoul,정원오,37.1,39.3,41.4
2025-12-27,다자,Seoul,오세훈,33.4,35.5,37.6
2025-12-27,다자,Seoul,없음,23.3,25.2,27.1
2025-12-28,다자,Seoul,정원오,36.0,37.9,39.9
2025-12-28,다자,Seoul,오세훈,33.4,35.3,37.4
2025-12-28,다자,Seoul,없음,20.0,21.6,23.3
2025-12-29,다자,Seoul,정원오,36.3,38.1,39.9
2025-12-29,다자,Seoul,오세훈,34.6,36.4,38.2
2025-12-29,다자,Seoul,없음,22.5,24.1,25.7
2025-12-30,다자,Seoul,정원오,39.0,40.9,42.8
2025-12-30,다자,Seoul,오세훈,34.7,36.5,38.4
2025-12-30,다자,Seoul,없음,20.6,22.3,24.2
2026-01-17,다자,Seoul,정원오,41.5,43.5,45.3
2026-01-17,다자,Seoul,오세훈,33.3,35.1,37.0
2026-01-17,다자,Seoul,없음,16.5,18.1,19.6
2026-01-20,다자,Seoul,정원오,44.9,46.4,48.0
2026-01-20,다자,Seoul,오세훈,31.5,33.0,34.5
2026-01-20,다자,Seoul,없음,16.9,18.2,19.4
2026-01-25,다자,Seoul,정원오,46.2,48.1,50.0
2026-01-25,다자,Seoul,오세훈,32.5,34.4,36.4
2026-01-25,다자,Seoul,없음,15.9,17.5,19.1
2026-02-03,다자,Seoul,정원오,44.3,46.1,48.0
2026-02-03,다자,Seoul,오세훈,30.2,32.0,33.7
2026-02-03,다자,Seoul,없음,20.4,21.9,23.5
2026-02-08,다자,Seoul,정원오,43.8,45.9,47.9
2026-02-08,다자,Seoul,오세훈,30.3,32.3,34.2
2026-02-08,다자,Seoul,없음,20.1,21.9,23.6
2026-02-10,다자,Seoul,정원오,41.1,43.2,45.2
2026-02-10,다자,Seoul,오세훈,29.0,30.9,32.8
2026-02-10,다자,Seoul,없음,19.5,21.2,22.9
2026-02-11,다자,Seoul,정원오,41.0,43.0,45.0
2026-02-11,다자,Seoul,오세훈,29.2,31.1,32.9
2026-02-11,다자,Seoul,없음,19.8,21.6,23.3
2026-02-12,다자,Seoul,정원오,43.0,44.8,46.6
2026-02-12,다자,Seoul,오세훈,31.2,32.9,34.7
2026-02-12,다자,Seoul,없음,20.6,22.2,23.8
2026-02-24,다자,Seoul,정원오,46.2,47.7,49.3
2026-02-24,다자,Seoul,오세훈,29.3,30.7,32.2
2026-02-24,다자,Seoul,없음,16.8,18.0,19.2
2026-03-01,다자,Seoul,정원오,49.3,51.1,53.0
2026-03-01,다자,Seoul,오세훈,29.6,31.4,33.2
2026-03-01,다자,Seoul,없음,15.8,17.5,19.1
2026-03-10,다자,Seoul,정원오,47.6,49.2,50.7
2026-03-10,다자,Seoul,오세훈,28.0,29.5,31.1
2026-03-10,다자,Seoul,없음,17.2,18.5,19.7
2026-03-30,다자,Seoul,정원오,47.7,49.6,51.5
2026-03-30,다자,Seoul,오세훈,27.6,29.3,31.2
2026-03-30,다자,Seoul,없음,19.4,21.1,22.8
2026-03-31,다자,Seoul,정원오,48.9,50.4,52.0
2026-03-31,다자,Seoul,오세훈,27.2,28.7,30.2
2026-03-31,다자,Seoul,없음,17.7,19.0,20.2
2026-04-07,다자,Seoul,정원오,49.4,51.4,53.3
2026-04-07,다자,Seoul,오세훈,28.7,30.6,32.4
2026-04-07,다자,Seoul,없음,16.4,18.1,19.8
2026-04-11,다자,Seoul,정원오,50.5,52.5,54.5
2026-04-11,다자,Seoul,오세훈,30.3,32.3,34.3
2026-04-11,다자,Seoul,없음,13.5,15.2,16.8
2026-04-12,다자,Seoul,정원오,50.7,52.7,54.6
2026-04-12,다자,Seoul,오세훈,30.0,31.9,33.9
2026-04-12,다자,Seoul,없음,13.6,15.3,16.9
2026-04-14,다자,Seoul,정원오,52.1,53.8,55.4
2026-04-14,다자,Seoul,오세훈,29.4,30.9,32.5
2026-04-14,다자,Seoul,없음,13.0,14.2,15.4
2026-04-21,다자,Seoul,정원오,49.6,51.5,53.4
2026-04-21,다자,Seoul,오세훈,31.2,33.0,35.1
2026-04-21,다자,Seoul,없음,13.9,15.5,17.1
2026-04-23,다자,Seoul,정원오,46.1,48.0,49.9
2026-04-23,다자,Seoul,오세훈,31.3,33.1,35.0
2026-04-23,다자,Seoul,없음,14.2,15.7,17.3
2026-04-26,다자,Seoul,정원오,45.0,46.8,48.6
2026-04-26,다자,Seoul,오세훈,31.4,33.2,35.0
2026-04-26,다자,Seoul,김정철,0.4,1.1,1.8
2026-04-26,다자,Seoul,이상규,0.0,0.3,0.9
2026-04-26,다자,Seoul,없음,15.4,16.9,18.5
2026-04-29,다자,Seoul,정원오,46.9,48.8,50.7
2026-04-29,다자,Seoul,오세훈,33.3,35.1,36.9
2026-04-29,다자,Seoul,없음,14.5,16.1,17.6
2026-05-02,다자,Seoul,정원오,45.6,47.1,48.6
2026-05-02,다자,Seoul,오세훈,33.9,35.3,36.7
2026-05-02,다자,Seoul,김정철,1.0,1.5,2.0
2026-05-02,다자,Seoul,이상규,0.6,1.0,1.4
2026-05-02,다자,Seoul,권영국,1.6,2.2,2.9
2026-05-02,다자,Seoul,없음,10.6,11.6,12.6
2026-05-05,다자,Seoul,정원오,47.4,49.3,51.1
2026-05-05,다자,Seoul,오세훈,35.5,37.3,39.1
2026-05-05,다자,Seoul,없음,10.2,11.7,13.1
2026-05-10,다자,Seoul,정원오,46.8,48.7,50.6
2026-05-10,다자,Seoul,오세훈,35.4,37.2,39.0
2026-05-10,다자,Seoul,김정철,0.7,1.5,2.2
2026-05-10,다자,Seoul,권영국,0.8,1.7,2.5
2026-05-10,다자,Seoul,없음,9.5,11.0,12.5
2026-05-11,다자,Seoul,정원오,47.1,48.8,50.6
2026-05-11,다자,Seoul,오세훈,35.1,36.7,38.4
2026-05-11,다자,Seoul,김정철,1.1,1.9,2.9
2026-05-11,다자,Seoul,이상규,0.4,1.1,1.8
2026-05-11,다자,Seoul,없음,8.1,9.4,10.7
2026-05-12,다자,Seoul,정원오,49.0,50.1,51.3
2026-05-12,다자,Seoul,오세훈,33.3,34.4,35.5
2026-05-12,다자,Seoul,김정철,1.0,1.6,2.1
2026-05-12,다자,Seoul,이상규,0.7,1.3,1.9
2026-05-12,다자,Seoul,없음,11.3,12.1,13.0
2026-05-13,다자,Seoul,정원오,43.9,45.3,46.8
2026-05-13,다자,Seoul,오세훈,33.0,34.5,35.9
2026-05-13,다자,Seoul,김정철,0.6,1.3,2.0
2026-05-13,다자,Seoul,권영국,0.5,1.3,2.1
2026-05-13,다자,Seoul,없음,13.9,15.1,16.4
2026-05-17,다자,Seoul,정원오,42.5,44.1,45.6
2026-05-17,다자,Seoul,오세훈,33.9,35.5,37.0
2026-05-17,다자,Seoul,김정철,0.6,1.3,2.1
2026-05-17,다자,Seoul,권영국,0.5,1.4,2.2
2026-05-17,다자,Seoul,없음,15.7,17.1,18.5
2026-05-18,다자,Seoul,정원오,43.0,44.7,46.4
2026-05-18,다자,Seoul,오세훈,34.8,36.4,38.0
2026-05-18,다자,Seoul,김정철,1.0,1.8,2.7
2026-05-18,다자,Seoul,권영국,0.3,1.1,1.9
2026-05-18,다자,Seoul,없음,14.4,15.9,17.3
2026-05-19,다자,Seoul,정원오,43.1,44.9,46.8
2026-05-19,다자,Seoul,오세훈,36.3,38.1,39.8
2026-05-19,다자,Seoul,김정철,0.1,1.1,2.0
2026-05-19,다자,Seoul,권영국,0.6,1.6,2.4
2026-05-19,다자,Seoul,없음,12.7,14.4,15.9
2026-05-20,다자,Seoul,정원오,41.8,43.4,45.1
2026-05-20,다자,Seoul,오세훈,38.1,39.7,41.4
2026-05-20,다자,Seoul,김정철,1.1,1.9,2.8
2026-05-20,다자,Seoul,권영국,1.0,2.0,2.9
2026-05-20,다자,Seoul,없음,9.2,10.5,11.8
2026-05-21,다자,Seoul,정원오,43.2,44.9,46.6
2026-05-21,다자,Seoul,오세훈,40.0,41.6,43.3
2026-05-21,다자,Seoul,김정철,1.3,2.1,3.0
2026-05-21,다자,Seoul,권영국,0.5,1.4,2.2
2026-05-21,다자,Seoul,없음,6.9,8.1,9.3
2026-05-22,다자,Seoul,정원오,44.0,45.9,47.7
2026-05-22,다자,Seoul,오세훈,39.7,41.6,43.5
2026-05-22,다자,Seoul,김정철,1.4,2.3,3.4
2026-05-22,다자,Seoul,권영국,1.0,2.0,2.9
2026-05-22,다자,Seoul,없음,5.8,7.0,8.3
2026-05-24,다자,Seoul,정원오,44.2,46.2,48.1
2026-05-24,다자,Seoul,오세훈,38.5,40.4,42.2
2026-05-24,다자,Seoul,김정철,0.8,1.7,2.5
2026-05-24,다자,Seoul,권영국,0.8,1.7,2.6
2026-05-24,다자,Seoul,없음,8.4,10.0,11.6
2026-05-25,다자,Seoul,정원오,45.1,46.7,48.2
2026-05-25,다자,Seoul,오세훈,38.1,39.7,41.3
2026-05-25,다자,Seoul,김정철,1.0,1.8,2.6
2026-05-25,다자,Seoul,권영국,1.0,2.0,2.8
2026-05-25,다자,Seoul,없음,7.3,8.5,9.7
2026-05-26,다자,Seoul,정원오,44.9,46.1,47.3
2026-05-26,다자,Seoul,오세훈,38.9,40.1,41.2
2026-05-26,다자,Seoul,김정철,1.0,1.6,2.3
2026-05-26,다자,Seoul,권영국,1.4,2.1,2.8
2026-05-26,다자,Seoul,없음,8.2,9.2,10.0
2026-05-27,다자,Seoul,정원오,42.7,44.1,45.6
2026-05-27,다자,Seoul,오세훈,38.9,40.2,41.7
2026-05-27,다자,Seoul,김정철,0.1,0.7,1.3
2026-05-27,다자,Seoul,권영국,0.7,1.4,2.2
2026-05-27,다자,Seoul,없음,11.2,12.4,13.5
2025-12-27,성격,Seoul,정부지원,46.8,49.0,51.1
2025-12-27,성격,Seoul,정부견제,40.9,42.7,44.8
2025-12-27,성격,Seoul,모름,6.9,8.5,10.0
2025-12-29,성격,Seoul,정부지원,48.4,50.2,51.9
2025-12-29,성격,Seoul,정부견제,39.9,41.5,43.2
2025-12-29,성격,Seoul,모름,7.6,8.9,10.2
2026-01-20,성격,Seoul,정부지원,51.4,52.6,53.8
2026-01-20,성격,Seoul,정부견제,38.8,39.9,41.0
2026-01-20,성격,Seoul,모름,6.5,7.2,7.8
2026-01-25,성격,Seoul,정부지원,50.8,52.4,53.9
2026-01-25,성격,Seoul,정부견제,37.9,39.3,40.8
2026-01-25,성격,Seoul,모름,7.3,8.6,9.8
2026-02-03,성격,Seoul,정부지원,51.9,53.3,54.8
2026-02-03,성격,Seoul,정부견제,37.1,38.5,40.0
2026-02-03,성격,Seoul,모름,6.9,7.9,8.8
2026-02-08,성격,Seoul,정부지원,51.0,52.6,54.3
2026-02-08,성격,Seoul,정부견제,36.7,38.3,40.0
2026-02-08,성격,Seoul,모름,8.1,9.4,10.7
2026-02-11,성격,Seoul,정부지원,51.1,52.8,54.5
2026-02-11,성격,Seoul,정부견제,36.4,38.0,39.6
2026-02-11,성격,Seoul,모름,8.3,9.7,11.0
2026-02-12,성격,Seoul,정부지원,51.7,53.3,54.9
2026-02-12,성격,Seoul,정부견제,36.1,37.6,39.1
2026-02-12,성격,Seoul,모름,8.3,9.6,10.9
2026-02-24,성격,Seoul,정부지원,53.8,55.0,56.2
2026-02-24,성격,Seoul,정부견제,35.7,36.9,38.0
2026-02-24,성격,Seoul,모름,7.0,7.7,8.4
2026-03-10,성격,Seoul,정부지원,54.4,55.6,56.7
2026-03-10,성격,Seoul,정부견제,34.8,35.9,37.0
2026-03-10,성격,Seoul,모름,7.1,7.9,8.6
2026-03-30,성격,Seoul,정부지원,53.4,54.8,56.3
2026-03-30,성격,Seoul,정부견제,32.9,34.3,35.8
2026-03-30,성격,Seoul,모름,9.6,11.0,12.3
2026-03-31,성격,Seoul,정부지원,55.2,56.4,57.6
2026-03-31,성격,Seoul,정부견제,33.2,34.4,35.6
2026-03-31,성격,Seoul,모름,7.9,8.6,9.4
2026-04-11,성격,Seoul,정부지원,54.0,55.5,57.2
2026-04-11,성격,Seoul,정부견제,33.0,34.6,36.1
2026-04-11,성격,Seoul,모름,8.7,10.0,11.3
2026-04-12,성격,Seoul,정부지원,54.2,55.7,57.4
2026-04-12,성격,Seoul,정부견제,33.1,34.7,36.2
2026-04-12,성격,Seoul,모름,8.1,9.4,10.7
2026-04-14,성격,Seoul,정부지원,54.9,56.2,57.4
2026-04-14,성격,Seoul,정부견제,33.5,34.7,35.9
2026-04-14,성격,Seoul,모름,7.5,8.3,9.0
2026-04-23,성격,Seoul,정부지원,51.4,52.9,54.5
2026-04-23,성격,Seoul,정부견제,34.1,35.6,37.1
2026-04-23,성격,Seoul,모름,10.7,12.0,13.4
2026-04-26,성격,Seoul,정부지원,50.4,52.1,53.8
2026-04-26,성격,Seoul,정부견제,34.2,35.9,37.4
2026-04-26,성격,Seoul,모름,11.4,12.8,14.3
2026-04-29,성격,Seoul,정부지원,50.5,52.1,53.8
2026-04-29,성격,Seoul,정부견제,35.1,36.7,38.3
2026-04-29,성격,Seoul,모름,10.0,11.4,12.7
2026-05-02,성격,Seoul,정부지원,50.2,51.7,53.2
2026-05-02,성격,Seoul,정부견제,36.5,38.1,39.6
2026-05-02,성격,Seoul,모름,9.0,10.1,11.2
2026-05-10,성격,Seoul,정부지원,50.0,51.6,53.1
2026-05-10,성격,Seoul,정부견제,36.7,38.2,39.7
2026-05-10,성격,Seoul,모름,8.9,10.2,11.4
2026-05-12,성격,Seoul,정부지원,51.3,52.5,53.7
2026-05-12,성격,Seoul,정부견제,37.4,38.5,39.7
2026-05-12,성격,Seoul,모름,7.0,7.7,8.4
2026-05-13,성격,Seoul,정부지원,48.5,49.8,51.3
2026-05-13,성격,Seoul,정부견제,37.6,39.0,40.3
2026-05-13,성격,Seoul,모름,10.3,11.3,12.5
2026-05-17,성격,Seoul,정부지원,47.1,48.7,50.1
2026-05-17,성격,Seoul,정부견제,38.0,39.3,40.8
2026-05-17,성격,Seoul,모름,10.9,12.0,13.1
2026-05-18,성격,Seoul,정부지원,46.1,47.6,49.1
2026-05-18,성격,Seoul,정부견제,37.4,38.8,40.2
2026-05-18,성격,Seoul,모름,13.0,14.3,15.5
2026-05-19,성격,Seoul,정부지원,46.3,48.0,49.7
2026-05-19,성격,Seoul,정부견제,36.9,38.5,40.1
2026-05-19,성격,Seoul,모름,12.5,13.9,15.3
2026-05-21,성격,Seoul,정부지원,46.8,48.5,50.1
2026-05-21,성격,Seoul,정부견제,37.0,38.7,40.2
2026-05-21,성격,Seoul,모름,11.6,13.0,14.3
2026-05-24,성격,Seoul,정부지원,46.7,48.3,50.0
2026-05-24,성격,Seoul,정부견제,37.6,39.2,40.7
2026-05-24,성격,Seoul,모름,11.2,12.6,13.9
2026-05-25,성격,Seoul,정부지원,46.8,48.2,49.7
2026-05-25,성격,Seoul,정부견제,38.0,39.4,40.8
2026-05-25,성격,Seoul,모름,11.5,12.6,13.8
2026-05-26,성격,Seoul,정부지원,47.4,48.5,49.7
2026-05-26,성격,Seoul,정부견제,39.2,40.3,41.4
2026-05-26,성격,Seoul,모름,9.9,10.8,11.6
2026-05-27,성격,Seoul,정부지원,46.2,47.6,49.1
2026-05-27,성격,Seoul,정부견제,39.0,40.5,42.0
2026-05-27,성격,Seoul,모름,11.0,12.1,13.1
2026-01-02,양자,Gangwon,우상호,45.3,46.8,48.5
2026-01-02,양자,Gangwon,김진태,36.2,37.8,39.3
2026-01-02,양자,Gangwon,없음,14.1,15.4,16.6
2026-01-10,양자,Gangwon,우상호,45.8,47.4,49.1
2026-01-10,양자,Gangwon,김진태,36.0,37.6,39.2
2026-01-10,양자,Gangwon,없음,13.5,15.0,16.4
2026-01-27,양자,Gangwon,우상호,44.7,46.4,48.1
2026-01-27,양자,Gangwon,김진태,34.8,36.4,38.1
2026-01-27,양자,Gangwon,없음,11.9,13.3,14.7
2026-02-05,양자,Gangwon,우상호,46.6,48.3,50.1
2026-02-05,양자,Gangwon,김진태,35.6,37.3,39.0
2026-02-05,양자,Gangwon,없음,12.8,14.3,15.8
2026-02-11,양자,Gangwon,우상호,44.4,46.1,47.7
2026-02-11,양자,Gangwon,김진태,33.4,35.2,36.9
2026-02-11,양자,Gangwon,없음,13.8,15.3,16.9
2026-02-13,양자,Gangwon,우상호,44.8,46.5,48.2
2026-02-13,양자,Gangwon,김진태,33.9,35.6,37.3
2026-02-13,양자,Gangwon,없음,13.0,14.4,15.9
2026-02-24,양자,Gangwon,우상호,46.6,48.3,49.9
2026-02-24,양자,Gangwon,김진태,35.2,37.0,38.6
2026-02-24,양자,Gangwon,없음,13.2,14.7,16.2
2026-03-04,양자,Gangwon,우상호,47.5,49.2,50.9
2026-03-04,양자,Gangwon,김진태,35.0,36.7,38.3
2026-03-04,양자,Gangwon,없음,9.8,11.2,12.5
2026-03-10,양자,Gangwon,우상호,48.0,49.7,51.4
2026-03-10,양자,Gangwon,김진태,36.9,38.5,40.3
2026-03-10,양자,Gangwon,없음,10.5,11.8,13.2
2026-03-26,양자,Gangwon,우상호,47.6,49.3,51.0
2026-03-26,양자,Gangwon,김진태,36.4,38.0,39.6
2026-03-26,양자,Gangwon,없음,9.4,10.6,11.9
2026-04-04,양자,Gangwon,우상호,47.9,49.6,51.3
2026-04-04,양자,Gangwon,김진태,36.0,37.7,39.3
2026-04-04,양자,Gangwon,없음,8.9,10.1,11.3
2026-04-08,양자,Gangwon,우상호,48.5,50.3,52.0
2026-04-08,양자,Gangwon,김진태,36.5,38.2,39.8
2026-04-08,양자,Gangwon,없음,10.1,11.5,12.9
2026-04-14,양자,Gangwon,우상호,47.9,49.6,51.4
2026-04-14,양자,Gangwon,김진태,35.8,37.5,39.1
2026-04-14,양자,Gangwon,없음,9.0,10.3,11.5
2026-04-23,양자,Gangwon,우상호,47.5,49.2,50.9
2026-04-23,양자,Gangwon,김진태,35.4,37.0,38.7
2026-04-23,양자,Gangwon,없음,12.3,13.8,15.2
2026-04-24,양자,Gangwon,우상호,46.1,47.7,49.5
2026-04-24,양자,Gangwon,김진태,34.7,36.3,38.0
2026-04-24,양자,Gangwon,없음,12.3,13.7,15.1
2026-04-25,양자,Gangwon,우상호,44.2,45.9,47.6
2026-04-25,양자,Gangwon,김진태,34.2,35.9,37.6
2026-04-25,양자,Gangwon,없음,14.6,16.2,17.7
2026-05-01,양자,Gangwon,우상호,43.7,45.4,47.0
2026-05-01,양자,Gangwon,김진태,35.2,36.8,38.3
2026-05-01,양자,Gangwon,없음,14.6,16.1,17.6
2026-05-04,양자,Gangwon,우상호,45.5,47.2,48.8
2026-05-04,양자,Gangwon,김진태,38.0,39.6,41.3
2026-05-04,양자,Gangwon,없음,10.1,11.3,12.5
2026-05-13,양자,Gangwon,우상호,45.1,46.7,48.3
2026-05-13,양자,Gangwon,김진태,36.8,38.5,40.1
2026-05-13,양자,Gangwon,없음,11.6,13.1,14.5
2026-05-22,양자,Gangwon,우상호,47.0,48.8,50.7
2026-05-22,양자,Gangwon,김진태,39.6,41.5,43.3
2026-05-22,양자,Gangwon,없음,8.4,9.7,11.0
2026-05-23,양자,Gangwon,우상호,46.0,48.0,50.0
2026-05-23,양자,Gangwon,김진태,39.1,41.2,43.3
2026-05-23,양자,Gangwon,없음,9.3,10.8,12.4
2026-02-11,성격,Gangwon,정부지원,49.4,51.6,53.7
2026-02-11,성격,Gangwon,정부견제,33.2,35.0,36.1
2026-02-11,성격,Gangwon,모름,11.5,13.2,14.8
2026-03-04,성격,Gangwon,정부지원,49.3,51.3,53.3
2026-03-04,성격,Gangwon,정부견제,33.7,35.2,36.4
2026-03-04,성격,Gangwon,모름,11.3,12.7,14.2
2026-04-08,성격,Gangwon,정부지원,49.1,50.9,52.8
2026-04-08,성격,Gangwon,정부견제,33.9,35.3,36.6
2026-04-08,성격,Gangwon,모름,11.9,13.2,14.6
2026-04-23,성격,Gangwon,정부지원,48.9,50.5,52.2
2026-04-23,성격,Gangwon,정부견제,34.3,35.6,37.0
2026-04-23,성격,Gangwon,모름,11.4,12.8,14.1
2026-04-25,성격,Gangwon,정부지원,48.2,49.8,51.5
2026-04-25,성격,Gangwon,정부견제,34.2,35.5,36.9
2026-04-25,성격,Gangwon,모름,12.8,14.1,15.4
2026-05-01,성격,Gangwon,정부지원,47.0,48.8,50.6
2026-05-01,성격,Gangwon,정부견제,34.1,35.5,36.9
2026-05-01,성격,Gangwon,모름,14.7,16.1,17.6
2026-05-13,성격,Gangwon,정부지원,46.7,48.7,50.7
2026-05-13,성격,Gangwon,정부견제,33.9,35.4,36.9
2026-05-13,성격,Gangwon,모름,14.8,16.4,18.0
2025-12-23,다자,Gyeongnam,김경수,35.8,37.9,40.0
2025-12-23,다자,Gyeongnam,박완수,39.7,41.8,43.9
2025-12-23,다자,Gyeongnam,없음,11.9,13.6,15.2
2025-12-27,다자,Gyeongnam,김경수,39.6,41.5,43.4
2025-12-27,다자,Gyeongnam,박완수,41.6,43.6,45.5
2025-12-27,다자,Gyeongnam,없음,13.3,14.9,16.5
2026-01-03,다자,Gyeongnam,김경수,37.8,39.5,41.3
2026-01-03,다자,Gyeongnam,박완수,37.8,39.6,41.4
2026-01-03,다자,Gyeongnam,없음,13.1,14.6,16.1
2026-01-25,다자,Gyeongnam,김경수,39.8,41.6,43.3
2026-01-25,다자,Gyeongnam,박완수,38.1,40.0,41.8
2026-01-25,다자,Gyeongnam,없음,12.8,14.3,15.8
2026-01-28,다자,Gyeongnam,김경수,41.3,43.1,44.9
2026-01-28,다자,Gyeongnam,박완수,36.6,38.5,40.2
2026-01-28,다자,Gyeongnam,없음,13.6,15.0,16.4
2026-03-04,다자,Gyeongnam,김경수,40.8,42.5,44.2
2026-03-04,다자,Gyeongnam,박완수,35.2,37.0,38.9
2026-03-04,다자,Gyeongnam,없음,18.7,20.3,22.0
2026-03-19,다자,Gyeongnam,김경수,41.7,43.4,45.1
2026-03-19,다자,Gyeongnam,박완수,34.6,36.3,38.1
2026-03-19,다자,Gyeongnam,없음,18.6,20.3,21.9
2026-04-08,다자,Gyeongnam,김경수,42.9,44.5,46.2
2026-04-08,다자,Gyeongnam,박완수,35.6,37.3,39.0
2026-04-08,다자,Gyeongnam,없음,16.7,18.1,19.7
2026-04-15,다자,Gyeongnam,김경수,42.5,43.8,45.2
2026-04-15,다자,Gyeongnam,박완수,34.8,36.1,37.5
2026-04-15,다자,Gyeongnam,전희영,1.3,1.9,2.5
2026-04-15,다자,Gyeongnam,없음,15.3,16.3,17.4
2026-04-21,다자,Gyeongnam,김경수,43.2,44.7,46.2
2026-04-21,다자,Gyeongnam,박완수,35.0,36.6,38.1
2026-04-21,다자,Gyeongnam,전희영,1.8,2.6,3.5
2026-04-21,다자,Gyeongnam,없음,12.8,14.2,15.4
2026-04-28,다자,Gyeongnam,김경수,43.9,45.4,46.9
2026-04-28,다자,Gyeongnam,박완수,36.4,37.9,39.3
2026-04-28,다자,Gyeongnam,전희영,1.1,1.8,2.5
2026-04-28,다자,Gyeongnam,없음,13.5,14.7,15.9
2026-05-01,다자,Gyeongnam,김경수,44.6,46.3,47.9
2026-05-01,다자,Gyeongnam,박완수,40.7,42.5,44.1
2026-05-01,다자,Gyeongnam,없음,9.4,10.6,11.9
2026-05-02,다자,Gyeongnam,김경수,42.8,44.4,46.0
2026-05-02,다자,Gyeongnam,박완수,39.9,41.5,43.1
2026-05-02,다자,Gyeongnam,전희영,2.6,3.7,4.8
2026-05-02,다자,Gyeongnam,없음,9.1,10.4,11.7
2026-05-06,다자,Gyeongnam,김경수,42.5,44.0,45.4
2026-05-06,다자,Gyeongnam,박완수,38.7,40.2,41.7
2026-05-06,다자,Gyeongnam,전희영,2.5,3.4,4.4
2026-05-06,다자,Gyeongnam,없음,11.0,12.2,13.4
2026-05-09,다자,Gyeongnam,김경수,41.6,43.2,44.7
2026-05-09,다자,Gyeongnam,박완수,38.9,40.5,42.0
2026-05-09,다자,Gyeongnam,전희영,3.0,4.2,5.2
2026-05-09,다자,Gyeongnam,없음,9.8,11.0,12.3
2026-05-12,다자,Gyeongnam,김경수,42.8,44.2,45.6
2026-05-12,다자,Gyeongnam,박완수,39.6,41.0,42.4
2026-05-12,다자,Gyeongnam,전희영,2.0,2.7,3.3
2026-05-12,다자,Gyeongnam,없음,9.5,10.7,11.8
2026-05-13,다자,Gyeongnam,김경수,43.6,44.9,46.4
2026-05-13,다자,Gyeongnam,박완수,40.4,41.8,43.2
2026-05-13,다자,Gyeongnam,전희영,1.5,2.3,3.1
2026-05-13,다자,Gyeongnam,없음,8.1,9.1,10.1
2026-05-17,다자,Gyeongnam,김경수,42.8,44.5,46.0
2026-05-17,다자,Gyeongnam,박완수,39.1,40.7,42.4
2026-05-17,다자,Gyeongnam,전희영,0.7,1.3,2.0
2026-05-17,다자,Gyeongnam,없음,11.7,13.1,14.5
2026-05-18,다자,Gyeongnam,김경수,41.9,43.4,44.8
2026-05-18,다자,Gyeongnam,박완수,39.7,41.2,42.7
2026-05-18,다자,Gyeongnam,전희영,1.4,2.1,2.9
2026-05-18,다자,Gyeongnam,없음,12.1,13.4,14.7
2026-05-19,다자,Gyeongnam,김경수,42.8,44.2,45.5
2026-05-19,다자,Gyeongnam,박완수,41.7,43.1,44.4
2026-05-19,다자,Gyeongnam,전희영,1.8,2.6,3.4
2026-05-19,다자,Gyeongnam,없음,9.2,10.2,11.2
2026-05-22,다자,Gyeongnam,김경수,43.4,45.0,46.6
2026-05-22,다자,Gyeongnam,박완수,42.1,43.8,45.5
2026-05-22,다자,Gyeongnam,전희영,1.5,2.5,3.6
2026-05-22,다자,Gyeongnam,없음,7.3,8.7,10.0
2026-05-25,다자,Gyeongnam,김경수,42.6,44.1,45.6
2026-05-25,다자,Gyeongnam,박완수,43.3,44.8,46.4
2026-05-25,다자,Gyeongnam,전희영,1.9,2.9,3.8
2026-05-25,다자,Gyeongnam,없음,7.0,8.2,9.3
2026-05-26,다자,Gyeongnam,김경수,42.5,43.9,45.3
2026-05-26,다자,Gyeongnam,박완수,42.3,43.7,45.1
2026-05-26,다자,Gyeongnam,전희영,1.6,2.3,3.1
2026-05-26,다자,Gyeongnam,없음,9.0,10.1,11.1
2026-01-28,성격,Gyeongnam,정부지원,45.7,47.5,49.3
2026-01-28,성격,Gyeongnam,정부견제,40.6,42.2,44.1
2026-01-28,성격,Gyeongnam,모름,9.3,10.9,12.4
2026-02-11,성격,Gyeongnam,정부지원,46.0,47.6,49.2
2026-02-11,성격,Gyeongnam,정부견제,40.7,42.2,44.0
2026-02-11,성격,Gyeongnam,모름,10.4,11.8,13.3
2026-03-04,성격,Gyeongnam,정부지원,46.6,48.1,49.9
2026-03-04,성격,Gyeongnam,정부견제,40.9,42.4,44.2
2026-03-19,성격,Gyeongnam,정부지원,46.4,47.9,49.5
2026-03-19,성격,Gyeongnam,정부견제,40.5,41.8,43.3
2026-03-19,성격,Gyeongnam,모름,10.3,11.6,12.9
2026-04-08,성격,Gyeongnam,정부지원,46.2,47.6,49.2
2026-04-08,성격,Gyeongnam,정부견제,39.9,41.3,42.7
2026-04-08,성격,Gyeongnam,모름,11.0,12.5,13.9
2026-04-15,성격,Gyeongnam,정부지원,46.1,47.4,48.9
2026-04-15,성격,Gyeongnam,정부견제,39.8,41.3,42.6
2026-04-15,성격,Gyeongnam,모름,10.2,11.5,12.8
2026-04-28,성격,Gyeongnam,정부지원,46.1,47.5,49.0
2026-04-28,성격,Gyeongnam,정부견제,39.7,41.2,42.4
2026-04-28,성격,Gyeongnam,모름,9.1,10.3,11.5
2026-05-06,성격,Gyeongnam,정부지원,45.3,46.7,48.1
2026-05-06,성격,Gyeongnam,정부견제,39.8,41.2,42.5
2026-05-06,성격,Gyeongnam,모름,10.9,12.2,13.5
2026-05-12,성격,Gyeongnam,정부지원,45.2,46.5,47.8
2026-05-12,성격,Gyeongnam,정부견제,39.6,40.9,42.1
2026-05-12,성격,Gyeongnam,모름,11.8,13.0,14.2
2026-05-13,성격,Gyeongnam,정부지원,45.1,46.5,47.9
2026-05-13,성격,Gyeongnam,정부견제,39.5,40.9,42.2
2026-05-13,성격,Gyeongnam,모름,11.1,12.4,13.6
2026-05-17,성격,Gyeongnam,정부지원,45.0,46.4,47.8
2026-05-17,성격,Gyeongnam,정부견제,39.1,40.7,41.9
2026-05-17,성격,Gyeongnam,모름,12.0,13.3,14.7
2026-05-18,성격,Gyeongnam,정부지원,44.6,46.1,47.3
2026-05-18,성격,Gyeongnam,정부견제,39.2,40.7,42.0
2026-05-18,성격,Gyeongnam,모름,12.5,13.9,15.3
2026-05-19,성격,Gyeongnam,정부지원,44.6,45.8,47.0
2026-05-19,성격,Gyeongnam,정부견제,40.1,41.3,42.5
2026-05-19,성격,Gyeongnam,모름,11.6,12.6,13.6
2026-05-22,성격,Gyeongnam,정부지원,44.9,46.2,47.6
2026-05-22,성격,Gyeongnam,정부견제,39.9,41.1,42.4
2026-05-22,성격,Gyeongnam,모름,10.3,11.6,12.8
2026-05-25,성격,Gyeongnam,정부지원,44.6,46.0,47.4
2026-05-25,성격,Gyeongnam,정부견제,39.6,41.0,42.3
2026-05-25,성격,Gyeongnam,모름,11.7,13.0,14.3
2026-05-26,성격,Gyeongnam,정부지원,44.6,46.0,47.3
2026-05-26,성격,Gyeongnam,정부견제,39.8,41.1,42.4
2026-05-26,성격,Gyeongnam,모름,11.7,12.8,14.0
2026-04-05,양자,Gyeongbuk,오중기,23.0,24.9,26.7
2026-04-05,양자,Gyeongbuk,이철우,54.0,56.0,58.0
2026-04-05,양자,Gyeongbuk,없음,17.4,19.2,21.0
2026-04-07,양자,Gyeongbuk,오중기,21.2,22.6,24.0
2026-04-07,양자,Gyeongbuk,이철우,49.1,50.6,52.0
2026-04-07,양자,Gyeongbuk,없음,15.9,17.2,18.5
2026-04-10,양자,Gyeongbuk,오중기,22.0,23.5,25.0
2026-04-10,양자,Gyeongbuk,이철우,49.6,51.2,52.7
2026-04-10,양자,Gyeongbuk,없음,16.2,17.6,19.0
2026-04-16,양자,Gyeongbuk,오중기,22.3,23.9,25.5
2026-04-16,양자,Gyeongbuk,이철우,52.8,54.5,56.2
2026-04-16,양자,Gyeongbuk,없음,19.9,21.6,23.2
2026-04-21,양자,Gyeongbuk,오중기,20.1,21.5,23.1
2026-04-21,양자,Gyeongbuk,이철우,51.4,53.1,54.7
2026-04-21,양자,Gyeongbuk,없음,20.2,21.8,23.4
2026-04-29,양자,Gyeongbuk,오중기,24.5,25.9,27.3
2026-04-29,양자,Gyeongbuk,이철우,52.2,53.6,55.1
2026-04-29,양자,Gyeongbuk,없음,14.9,16.1,17.3
2026-05-03,양자,Gyeongbuk,오중기,26.5,28.1,29.7
2026-05-03,양자,Gyeongbuk,이철우,53.7,55.3,56.9
2026-05-03,양자,Gyeongbuk,없음,15.3,16.7,18.1
2026-05-05,양자,Gyeongbuk,오중기,25.5,27.0,28.6
2026-05-05,양자,Gyeongbuk,이철우,51.4,53.0,54.6
2026-05-05,양자,Gyeongbuk,없음,15.7,17.2,18.8
2026-05-15,양자,Gyeongbuk,오중기,27.6,29.3,31.0
2026-05-15,양자,Gyeongbuk,이철우,51.0,52.6,54.2
2026-05-15,양자,Gyeongbuk,없음,13.0,14.4,15.7
2026-05-26,양자,Gyeongbuk,오중기,29.2,30.9,32.6
2026-05-26,양자,Gyeongbuk,이철우,54.0,55.7,57.5
2026-05-26,양자,Gyeongbuk,없음,12.1,13.4,14.6
2026-03-23,성격,Gyeongbuk,정부지원,31.1,33.0,34.9
2026-03-23,성격,Gyeongbuk,정부견제,49.9,52.0,54.1
2026-03-23,성격,Gyeongbuk,모름,12.5,14.2,15.9
2026-04-16,성격,Gyeongbuk,정부지원,31.6,33.2,34.8
2026-04-16,성격,Gyeongbuk,정부견제,49.9,51.7,53.5
2026-04-16,성격,Gyeongbuk,모름,12.7,14.1,15.5
2026-04-21,성격,Gyeongbuk,정부지원,30.8,32.5,34.0
2026-04-21,성격,Gyeongbuk,정부견제,49.9,51.5,53.3
2026-04-21,성격,Gyeongbuk,모름,14.2,15.7,17.1
2026-04-29,성격,Gyeongbuk,정부지원,31.3,32.7,34.1
2026-04-29,성격,Gyeongbuk,정부견제,50.2,51.7,53.2
2026-04-29,성격,Gyeongbuk,모름,13.5,14.6,15.7
2026-05-03,성격,Gyeongbuk,정부지원,32.0,33.4,34.9
2026-05-03,성격,Gyeongbuk,정부견제,47.8,49.4,51.1
2026-05-03,성격,Gyeongbuk,모름,15.5,16.9,18.3
2026-05-05,성격,Gyeongbuk,정부지원,32.4,33.8,35.3
2026-05-05,성격,Gyeongbuk,정부견제,47.1,48.8,50.5
2026-05-05,성격,Gyeongbuk,모름,15.5,17.0,18.5
2026-05-15,성격,Gyeongbuk,정부지원,33.0,34.6,36.3
2026-05-15,성격,Gyeongbuk,정부견제,46.5,48.4,50.1
2026-05-15,성격,Gyeongbuk,모름,14.3,15.7,17.1
2026-05-26,성격,Gyeongbuk,정부지원,33.0,34.8,36.8
2026-05-26,성격,Gyeongbuk,정부견제,44.8,47.0,49.1
2026-05-26,성격,Gyeongbuk,모름,15.9,17.6,19.4
2026-02-06,다자,Daegu,김부겸,38.8,41.0,42.5
2026-02-06,다자,Daegu,추경호,35.2,37.6,40.0
2026-02-06,다자,Daegu,없음,15.0,17.1,19.2
2026-03-23,다자,Daegu,김부겸,42.6,44.7,46.6
2026-03-23,다자,Daegu,추경호,35.9,38.0,40.2
2026-03-23,다자,Daegu,없음,15.4,17.3,19.2
2026-03-24,다자,Daegu,김부겸,43.6,45.6,47.5
2026-03-24,다자,Daegu,추경호,34.4,36.4,38.4
2026-03-24,다자,Daegu,없음,16.2,18.0,19.9
2026-03-29,다자,Daegu,김부겸,47.4,49.5,51.5
2026-03-29,다자,Daegu,추경호,34.2,36.3,38.3
2026-03-29,다자,Daegu,없음,12.5,14.2,16.0
2026-04-07,다자,Daegu,김부겸,47.6,49.7,51.7
2026-04-07,다자,Daegu,추경호,31.6,33.6,35.5
2026-04-07,다자,Daegu,없음,10.1,11.6,13.1
2026-04-11,다자,Daegu,김부겸,49.2,51.3,53.5
2026-04-11,다자,Daegu,추경호,33.3,35.4,37.4
2026-04-11,다자,Daegu,없음,11.5,13.3,15.0
2026-04-18,다자,Daegu,김부겸,47.2,49.1,51.1
2026-04-18,다자,Daegu,추경호,32.2,34.3,36.2
2026-04-18,다자,Daegu,없음,14.9,16.6,18.3
2026-04-21,다자,Daegu,김부겸,44.3,46.2,48.1
2026-04-21,다자,Daegu,추경호,30.0,31.8,33.7
2026-04-21,다자,Daegu,없음,18.0,19.7,21.6
2026-04-22,다자,Daegu,김부겸,44.8,46.7,48.5
2026-04-22,다자,Daegu,추경호,31.7,33.4,35.1
2026-04-22,다자,Daegu,없음,18.3,19.9,21.7
2026-04-28,다자,Daegu,김부겸,42.5,44.0,45.5
2026-04-28,다자,Daegu,추경호,34.8,36.3,37.8
2026-04-28,다자,Daegu,이수찬,0.9,1.5,2.1
2026-04-28,다자,Daegu,없음,15.8,17.0,18.2
2026-04-29,다자,Daegu,김부겸,42.6,44.4,46.2
2026-04-29,다자,Daegu,추경호,35.8,37.6,39.4
2026-04-29,다자,Daegu,없음,16.3,18.0,19.6
2026-05-02,다자,Daegu,김부겸,41.7,43.6,45.4
2026-05-02,다자,Daegu,추경호,36.5,38.3,40.2
2026-05-02,다자,Daegu,이수찬,0.2,0.9,1.7
2026-05-02,다자,Daegu,없음,15.2,16.8,18.5
2026-05-03,다자,Daegu,김부겸,42.4,44.2,45.9
2026-05-03,다자,Daegu,추경호,38.5,40.3,42.1
2026-05-03,다자,Daegu,이수찬,0.5,1.4,2.3
2026-05-03,다자,Daegu,없음,11.5,12.9,14.3
2026-05-05,다자,Daegu,김부겸,41.6,43.3,45.0
2026-05-05,다자,Daegu,추경호,38.9,40.6,42.3
2026-05-05,다자,Daegu,이수찬,0.0,0.7,1.4
2026-05-05,다자,Daegu,없음,12.8,14.3,15.7
2026-05-06,다자,Daegu,김부겸,41.4,42.8,44.2
2026-05-06,다자,Daegu,추경호,40.5,41.9,43.4
2026-05-06,다자,Daegu,이수찬,0.8,1.6,2.3
2026-05-06,다자,Daegu,없음,11.2,12.3,13.4
2026-05-10,다자,Daegu,김부겸,41.8,43.5,45.2
2026-05-10,다자,Daegu,추경호,40.2,41.9,43.7
2026-05-10,다자,Daegu,이수찬,0.6,1.3,2.1
2026-05-10,다자,Daegu,없음,11.9,13.3,14.7
2026-05-17,다자,Daegu,김부겸,39.9,41.5,43.1
2026-05-17,다자,Daegu,추경호,38.0,39.5,41.1
2026-05-17,다자,Daegu,이수찬,0.1,0.8,1.5
2026-05-17,다자,Daegu,없음,12.4,13.7,14.9
2026-05-18,다자,Daegu,김부겸,40.3,41.9,43.5
2026-05-18,다자,Daegu,추경호,39.1,40.8,42.5
2026-05-18,다자,Daegu,이수찬,0.4,1.3,2.1
2026-05-18,다자,Daegu,없음,14.5,16.0,17.5
2026-05-19,다자,Daegu,김부겸,39.9,41.5,43.2
2026-05-19,다자,Daegu,추경호,41.0,42.7,44.4
2026-05-19,다자,Daegu,이수찬,1.0,1.9,2.8
2026-05-19,다자,Daegu,없음,12.4,13.8,15.3
2026-05-20,다자,Daegu,김부겸,40.8,42.6,44.4
2026-05-20,다자,Daegu,추경호,43.1,45.0,46.9
2026-05-20,다자,Daegu,이수찬,1.1,2.1,3.1
2026-05-20,다자,Daegu,없음,8.8,10.3,11.8
2026-05-23,다자,Daegu,김부겸,40.6,42.3,44.1
2026-05-23,다자,Daegu,추경호,43.9,45.7,47.5
2026-05-23,다자,Daegu,이수찬,1.4,2.5,3.6
2026-05-23,다자,Daegu,없음,8.1,9.5,10.8
2026-05-24,다자,Daegu,김부겸,40.1,41.9,43.7
2026-05-24,다자,Daegu,추경호,43.3,45.1,47.0
2026-05-24,다자,Daegu,이수찬,0.5,1.4,2.4
2026-05-24,다자,Daegu,없음,9.9,11.5,13.1
2026-05-25,다자,Daegu,김부겸,39.7,41.2,42.7
2026-05-25,다자,Daegu,추경호,44.7,46.2,47.7
2026-05-25,다자,Daegu,이수찬,0.8,1.6,2.4
2026-05-25,다자,Daegu,없음,8.6,9.8,10.9
2026-05-26,다자,Daegu,김부겸,40.4,41.8,43.2
2026-05-26,다자,Daegu,추경호,44.6,46.1,47.5
2026-05-26,다자,Daegu,이수찬,1.0,1.8,2.7
2026-05-26,다자,Daegu,없음,9.2,10.4,11.5
2026-05-27,다자,Daegu,김부겸,39.9,41.4,42.9
2026-05-27,다자,Daegu,추경호,43.5,45.2,46.7
2026-05-27,다자,Daegu,이수찬,0.4,1.2,2.0
2026-05-27,다자,Daegu,없음,11.0,12.3,13.5
2026-02-14,성격,Daegu,정부지원,33.3,35.3,37.0
2026-02-14,성격,Daegu,정부견제,50.1,52.2,54.3
2026-02-14,성격,Daegu,모름,10.4,12.0,13.5
2026-03-24,성격,Daegu,정부지원,35.7,37.4,39.1
2026-03-24,성격,Daegu,정부견제,48.1,50.0,51.7
2026-03-24,성격,Daegu,모름,10.8,12.1,13.5
2026-04-07,성격,Daegu,정부지원,37.9,39.6,41.3
2026-04-07,성격,Daegu,정부견제,45.8,47.5,49.1
2026-04-07,성격,Daegu,모름,10.9,12.2,13.6
2026-04-22,성격,Daegu,정부지원,39.0,40.6,42.3
2026-04-22,성격,Daegu,정부견제,44.0,45.6,47.3
2026-04-22,성격,Daegu,모름,11.6,12.9,14.2
2026-04-28,성격,Daegu,정부지원,39.2,40.7,42.2
2026-04-28,성격,Daegu,정부견제,42.2,43.7,45.2
2026-04-28,성격,Daegu,모름,14.2,15.5,16.8
2026-04-29,성격,Daegu,정부지원,39.4,41.1,42.8
2026-04-29,성격,Daegu,정부견제,41.8,43.5,45.2
2026-04-29,성격,Daegu,모름,13.3,14.7,16.0
2026-05-02,성격,Daegu,정부지원,39.2,40.9,42.6
2026-05-02,성격,Daegu,정부견제,41.2,42.9,44.6
2026-05-02,성격,Daegu,모름,14.3,15.8,17.3
2026-05-03,성격,Daegu,정부지원,39.0,40.6,42.2
2026-05-03,성격,Daegu,정부견제,40.3,42.0,43.7
2026-05-03,성격,Daegu,모름,15.8,17.3,18.9
2026-05-05,성격,Daegu,정부지원,38.4,40.0,41.6
2026-05-05,성격,Daegu,정부견제,41.9,43.6,45.2
2026-05-05,성격,Daegu,모름,14.9,16.3,17.8
2026-05-06,성격,Daegu,정부지원,37.8,39.3,40.9
2026-05-06,성격,Daegu,정부견제,43.8,45.3,46.9
2026-05-06,성격,Daegu,모름,13.6,14.9,16.1
2026-05-10,성격,Daegu,정부지원,37.8,39.4,41.0
2026-05-10,성격,Daegu,정부견제,43.6,45.2,46.8
2026-05-10,성격,Daegu,모름,13.6,15.1,16.4
2026-05-17,성격,Daegu,정부지원,37.9,39.3,40.7
2026-05-17,성격,Daegu,정부견제,44.5,46.0,47.6
2026-05-17,성격,Daegu,모름,13.0,14.2,15.4
2026-05-18,성격,Daegu,정부지원,36.8,38.2,39.6
2026-05-18,성격,Daegu,정부견제,44.8,46.3,47.8
2026-05-18,성격,Daegu,모름,14.5,15.8,17.0
2026-05-19,성격,Daegu,정부지원,37.2,38.7,40.1
2026-05-19,성격,Daegu,정부견제,46.4,47.8,49.3
2026-05-19,성격,Daegu,모름,11.9,13.1,14.2
2026-05-20,성격,Daegu,정부지원,37.3,38.9,40.4
2026-05-20,성격,Daegu,정부견제,47.0,48.6,50.2
2026-05-20,성격,Daegu,모름,10.2,11.5,12.8
2026-05-23,성격,Daegu,정부지원,36.9,38.5,40.2
2026-05-23,성격,Daegu,정부견제,47.2,49.0,50.6
2026-05-23,성격,Daegu,모름,10.2,11.6,12.8
2026-05-24,성격,Daegu,정부지원,36.6,38.3,39.9
2026-05-24,성격,Daegu,정부견제,46.5,48.2,49.9
2026-05-24,성격,Daegu,모름,12.1,13.5,14.9
2026-05-25,성격,Daegu,정부지원,35.8,37.2,38.6
2026-05-25,성격,Daegu,정부견제,47.3,48.7,50.2
2026-05-25,성격,Daegu,모름,13.1,14.2,15.4
2026-05-26,성격,Daegu,정부지원,37.5,38.7,40.0
2026-05-26,성격,Daegu,정부견제,46.2,47.5,48.9
2026-05-26,성격,Daegu,모름,12.8,13.8,14.8
2026-05-27,성격,Daegu,정부지원,37.0,38.4,39.7
2026-05-27,성격,Daegu,정부견제,47.2,48.5,49.9
2026-05-27,성격,Daegu,모름,11.9,12.9,13.9
2025-12-27,다자,Daejeon,허태정,49.0,51.4,53.7
2025-12-27,다자,Daejeon,이장우,29.5,31.8,34.1
2025-12-27,다자,Daejeon,없음,14.8,16.8,18.9
2026-03-24,다자,Daejeon,허태정,49.2,51.1,53.0
2026-03-24,다자,Daejeon,이장우,28.0,29.9,31.9
2026-03-24,다자,Daejeon,없음,12.7,14.3,16.0
2026-03-27,다자,Daejeon,허태정,52.2,54.1,56.1
2026-03-27,다자,Daejeon,이장우,28.1,30.0,31.8
2026-03-27,다자,Daejeon,없음,14.3,15.9,17.6
2026-04-07,다자,Daejeon,허태정,51.4,53.3,55.1
2026-04-07,다자,Daejeon,이장우,25.8,27.5,29.2
2026-04-07,다자,Daejeon,없음,16.2,17.9,19.5
2026-04-09,다자,Daejeon,허태정,52.1,53.9,55.7
2026-04-09,다자,Daejeon,이장우,26.4,28.2,30.0
2026-04-09,다자,Daejeon,없음,16.2,17.9,19.5
2026-04-19,다자,Daejeon,허태정,49.8,51.6,53.3
2026-04-19,다자,Daejeon,이장우,25.9,27.6,29.3
2026-04-19,다자,Daejeon,강희린,0.5,1.1,1.8
2026-04-19,다자,Daejeon,없음,16.0,17.6,19.1
2026-04-21,다자,Daejeon,허태정,49.9,51.5,53.2
2026-04-21,다자,Daejeon,이장우,27.9,29.5,31.2
2026-04-21,다자,Daejeon,강희린,1.6,2.4,3.3
2026-04-21,다자,Daejeon,없음,12.3,13.7,15.0
2026-04-26,다자,Daejeon,허태정,48.6,50.2,51.7
2026-04-26,다자,Daejeon,이장우,30.1,31.6,33.1
2026-04-26,다자,Daejeon,강희린,1.2,2.0,2.8
2026-04-26,다자,Daejeon,없음,12.2,13.5,14.8
2026-05-03,다자,Daejeon,허태정,48.9,50.5,52.2
2026-05-03,다자,Daejeon,이장우,31.8,33.5,35.2
2026-05-03,다자,Daejeon,없음,10.8,12.1,13.5
2026-05-17,다자,Daejeon,허태정,48.8,50.5,52.2
2026-05-17,다자,Daejeon,이장우,32.4,34.2,36.0
2026-05-17,다자,Daejeon,강희린,0.6,1.6,2.4
2026-05-17,다자,Daejeon,없음,12.1,13.7,15.3
2026-05-19,다자,Daejeon,허태정,47.2,48.8,50.3
2026-05-19,다자,Daejeon,이장우,34.2,35.7,37.2
2026-05-19,다자,Daejeon,강희린,2.3,3.3,4.2
2026-05-19,다자,Daejeon,없음,11.0,12.3,13.5
2026-05-20,다자,Daejeon,허태정,47.7,49.5,51.2
2026-05-20,다자,Daejeon,이장우,35.5,37.3,39.2
2026-05-20,다자,Daejeon,강희린,1.7,2.8,3.9
2026-05-20,다자,Daejeon,없음,8.9,10.4,11.9
2026-05-24,다자,Daejeon,허태정,47.2,49.1,51.0
2026-05-24,다자,Daejeon,이장우,36.8,38.7,40.6
2026-05-24,다자,Daejeon,강희린,1.5,2.6,3.7
2026-05-24,다자,Daejeon,없음,8.1,9.6,11.0
2026-05-25,다자,Daejeon,허태정,45.5,47.4,49.3
2026-05-25,다자,Daejeon,이장우,34.0,35.9,37.7
2026-05-25,다자,Daejeon,강희린,2.0,3.0,3.9
2026-05-25,다자,Daejeon,없음,12.1,13.8,15.4
2026-02-11,성격,Daejeon,정부지원,53.8,55.9,58.1
2026-02-11,성격,Daejeon,정부견제,31.1,33.1,35.1
2026-02-11,성격,Daejeon,모름,9.1,10.6,12.2
2026-02-23,성격,Daejeon,정부지원,53.8,55.6,57.4
2026-02-23,성격,Daejeon,정부견제,31.4,33.1,34.9
2026-02-23,성격,Daejeon,모름,9.7,11.0,12.4
2026-03-24,성격,Daejeon,정부지원,54.4,56.1,57.8
2026-03-24,성격,Daejeon,정부견제,31.1,32.7,34.3
2026-03-24,성격,Daejeon,모름,9.4,10.6,11.9
2026-04-07,성격,Daejeon,정부지원,54.5,56.3,58.0
2026-04-07,성격,Daejeon,정부견제,30.8,32.4,33.9
2026-04-07,성격,Daejeon,모름,9.1,10.3,11.6
2026-04-09,성격,Daejeon,정부지원,53.4,55.0,56.7
2026-04-09,성격,Daejeon,정부견제,30.7,32.4,34.0
2026-04-09,성격,Daejeon,모름,11.1,12.4,13.8
2026-04-19,성격,Daejeon,정부지원,52.5,54.1,55.9
2026-04-19,성격,Daejeon,정부견제,31.6,33.2,34.8
2026-04-19,성격,Daejeon,모름,11.3,12.6,14.0
2026-04-21,성격,Daejeon,정부지원,51.7,53.4,55.0
2026-04-21,성격,Daejeon,정부견제,32.5,34.1,35.7
2026-04-21,성격,Daejeon,모름,11.0,12.2,13.5
2026-04-26,성격,Daejeon,정부지원,50.6,52.3,54.0
2026-04-26,성격,Daejeon,정부견제,33.5,35.1,36.7
2026-04-26,성격,Daejeon,모름,10.9,12.2,13.5
2026-05-17,성격,Daejeon,정부지원,50.1,51.9,53.5
2026-05-17,성격,Daejeon,정부견제,34.2,35.8,37.6
2026-05-17,성격,Daejeon,모름,10.4,11.8,13.0
2026-05-19,성격,Daejeon,정부지원,49.3,51.1,52.9
2026-05-19,성격,Daejeon,정부견제,34.4,36.1,38.0
2026-05-19,성격,Daejeon,모름,11.1,12.5,14.0
2026-05-20,성격,Daejeon,정부지원,48.9,50.8,52.7
2026-05-20,성격,Daejeon,정부견제,34.5,36.2,38.1
2026-05-20,성격,Daejeon,모름,11.1,12.5,13.9
2026-05-25,성격,Daejeon,정부지원,48.5,50.6,52.8
2026-05-25,성격,Daejeon,정부견제,33.8,35.8,37.9
2026-05-25,성격,Daejeon,모름,11.6,13.3,15.1
2025-12-28,다자,Busan,전재수,44.2,46.5,48.8
2025-12-28,다자,Busan,박형준,32.5,34.7,37.0
2025-12-28,다자,Busan,없음,16.8,18.8,20.8
2025-12-29,다자,Busan,전재수,42.4,44.4,46.4
2025-12-29,다자,Busan,박형준,31.2,33.2,35.2
2025-12-29,다자,Busan,없음,17.6,19.4,21.1
2026-01-03,다자,Busan,전재수,42.2,44.1,46.0
2026-01-03,다자,Busan,박형준,31.0,32.8,34.7
2026-01-03,다자,Busan,없음,14.1,15.6,17.1
2026-01-27,다자,Busan,전재수,43.2,45.0,46.7
2026-01-27,다자,Busan,박형준,31.5,33.4,35.1
2026-01-27,다자,Busan,없음,12.9,14.3,15.7
2026-02-06,다자,Busan,전재수,45.0,47.0,49.0
2026-02-06,다자,Busan,박형준,33.5,35.5,37.4
2026-02-06,다자,Busan,없음,15.9,17.5,19.3
2026-02-11,다자,Busan,전재수,41.4,43.3,45.0
2026-02-11,다자,Busan,박형준,30.1,31.9,33.7
2026-02-11,다자,Busan,없음,17.9,19.6,21.3
2026-02-21,다자,Busan,전재수,41.7,43.6,45.4
2026-02-21,다자,Busan,박형준,29.6,31.3,33.1
2026-02-21,다자,Busan,없음,17.7,19.2,20.8
2026-03-04,다자,Busan,전재수,42.6,44.5,46.2
2026-03-04,다자,Busan,박형준,27.8,29.5,31.3
2026-03-04,다자,Busan,없음,22.2,23.9,25.6
2026-03-17,다자,Busan,전재수,45.1,46.8,48.6
2026-03-17,다자,Busan,박형준,27.2,29.0,30.7
2026-03-17,다자,Busan,없음,22.4,24.2,25.9
2026-03-29,다자,Busan,전재수,44.7,46.6,48.5
2026-03-29,다자,Busan,박형준,28.0,29.8,31.7
2026-03-29,다자,Busan,없음,21.7,23.6,25.4
2026-03-30,다자,Busan,전재수,45.6,47.5,49.4
2026-03-30,다자,Busan,박형준,30.1,32.0,33.9
2026-03-30,다자,Busan,없음,18.8,20.6,22.3
2026-04-03,다자,Busan,전재수,47.6,49.4,51.4
2026-04-03,다자,Busan,박형준,32.9,34.8,36.6
2026-04-03,다자,Busan,없음,14.2,15.8,17.4
2026-04-04,다자,Busan,전재수,46.3,48.2,50.1
2026-04-04,다자,Busan,박형준,33.2,35.1,36.9
2026-04-04,다자,Busan,없음,11.3,12.7,14.1
2026-04-10,다자,Busan,전재수,47.7,49.7,51.7
2026-04-10,다자,Busan,박형준,35.5,37.5,39.3
2026-04-10,다자,Busan,없음,11.3,12.8,14.4
2026-04-12,다자,Busan,전재수,45.4,47.3,49.1
2026-04-12,다자,Busan,박형준,34.5,36.3,38.1
2026-04-12,다자,Busan,없음,12.2,13.8,15.3
2026-04-13,다자,Busan,전재수,45.4,47.2,49.0
2026-04-13,다자,Busan,박형준,35.1,36.8,38.6
2026-04-13,다자,Busan,없음,10.5,12.0,13.4
2026-04-14,다자,Busan,전재수,45.6,47.1,48.6
2026-04-14,다자,Busan,박형준,36.4,37.9,39.5
2026-04-14,다자,Busan,정이한,1.4,2.2,3.2
2026-04-14,다자,Busan,없음,8.9,9.9,10.8
2026-04-18,다자,Busan,전재수,42.9,44.4,45.9
2026-04-18,다자,Busan,박형준,35.2,36.6,38.0
2026-04-18,다자,Busan,정이한,0.9,1.4,1.9
2026-04-18,다자,Busan,없음,14.7,16.0,17.3
2026-04-20,다자,Busan,전재수,42.9,44.6,46.3
2026-04-20,다자,Busan,박형준,35.4,37.2,38.8
2026-04-20,다자,Busan,없음,12.6,14.0,15.4
2026-04-25,다자,Busan,전재수,43.5,45.3,46.9
2026-04-25,다자,Busan,박형준,36.5,38.1,39.7
2026-04-25,다자,Busan,없음,12.4,13.7,15.0
2026-04-26,다자,Busan,전재수,43.5,45.0,46.4
2026-04-26,다자,Busan,박형준,34.2,35.6,37.0
2026-04-26,다자,Busan,정이한,1.3,1.8,2.3
2026-04-26,다자,Busan,없음,14.5,15.7,16.9
2026-04-29,다자,Busan,전재수,46.2,47.5,48.9
2026-04-29,다자,Busan,박형준,33.1,34.3,35.7
2026-04-29,다자,Busan,정이한,1.2,1.9,2.5
2026-04-29,다자,Busan,없음,14.9,16.1,17.2
2026-05-02,다자,Busan,전재수,46.0,47.5,49.0
2026-05-02,다자,Busan,박형준,35.7,37.3,38.8
2026-05-02,다자,Busan,정이한,1.4,2.0,2.7
2026-05-02,다자,Busan,없음,10.5,11.7,13.0
2026-05-04,다자,Busan,전재수,45.3,46.9,48.5
2026-05-04,다자,Busan,박형준,36.6,38.2,39.8
2026-05-04,다자,Busan,정이한,1.8,2.5,3.1
2026-05-04,다자,Busan,없음,9.1,10.4,11.7
2026-05-10,다자,Busan,전재수,46.2,47.8,49.4
2026-05-10,다자,Busan,박형준,36.8,38.3,39.9
2026-05-10,다자,Busan,정이한,2.3,3.1,4.0
2026-05-10,다자,Busan,없음,8.2,9.3,10.4
2026-05-11,다자,Busan,전재수,45.6,47.3,48.9
2026-05-11,다자,Busan,박형준,37.6,39.3,41.0
2026-05-11,다자,Busan,정이한,1.8,2.6,3.3
2026-05-11,다자,Busan,없음,9.4,10.9,12.3
2026-05-12,다자,Busan,전재수,45.4,47.0,48.6
2026-05-12,다자,Busan,박형준,37.4,39.0,40.6
2026-05-12,다자,Busan,정이한,1.9,2.6,3.4
2026-05-12,다자,Busan,없음,8.9,10.1,11.3
2026-05-13,다자,Busan,전재수,44.9,46.2,47.6
2026-05-13,다자,Busan,박형준,36.6,38.0,39.3
2026-05-13,다자,Busan,정이한,1.8,2.4,3.0
2026-05-13,다자,Busan,없음,11.0,12.0,13.0
2026-05-14,다자,Busan,전재수,44.4,46.0,47.6
2026-05-14,다자,Busan,박형준,36.7,38.3,39.9
2026-05-14,다자,Busan,정이한,1.7,2.5,3.4
2026-05-14,다자,Busan,없음,9.4,10.6,11.8
2026-05-17,다자,Busan,전재수,43.2,44.6,46.0
2026-05-17,다자,Busan,박형준,35.2,36.7,38.1
2026-05-17,다자,Busan,정이한,1.3,1.8,2.3
2026-05-17,다자,Busan,없음,11.1,12.2,13.3
2026-05-18,다자,Busan,전재수,44.8,46.2,47.6
2026-05-18,다자,Busan,박형준,35.9,37.3,38.7
2026-05-18,다자,Busan,정이한,1.6,2.2,2.8
2026-05-18,다자,Busan,없음,13.1,14.3,15.5
2026-05-19,다자,Busan,전재수,45.5,47.0,48.5
2026-05-19,다자,Busan,박형준,36.6,38.0,39.5
2026-05-19,다자,Busan,정이한,1.1,1.8,2.5
2026-05-19,다자,Busan,없음,11.9,13.1,14.4
2026-05-24,다자,Busan,전재수,45.6,47.0,48.4
2026-05-24,다자,Busan,박형준,37.9,39.3,40.6
2026-05-24,다자,Busan,정이한,1.9,2.5,3.2
2026-05-24,다자,Busan,없음,10.1,11.2,12.3
2026-05-25,다자,Busan,전재수,45.8,47.3,48.8
2026-05-25,다자,Busan,박형준,37.7,39.2,40.8
2026-05-25,다자,Busan,정이한,1.8,2.5,3.2
2026-05-25,다자,Busan,없음,9.8,11.0,12.2
2026-05-26,다자,Busan,전재수,46.2,47.5,48.8
2026-05-26,다자,Busan,박형준,37.6,38.9,40.2
2026-05-26,다자,Busan,정이한,1.9,2.5,3.2
2026-05-26,다자,Busan,없음,10.1,11.1,12.1
2026-05-27,다자,Busan,전재수,45.1,46.5,48.1
2026-05-27,다자,Busan,박형준,36.0,37.5,38.9
2026-05-27,다자,Busan,정이한,1.1,1.7,2.3
2026-05-27,다자,Busan,없음,13.0,14.3,15.5
2025-12-28,성격,Busan,정부지원,43.9,46.1,48.3
2025-12-28,성격,Busan,정부견제,40.9,42.8,44.9
2025-12-28,성격,Busan,모름,8.6,10.2,11.7
2025-12-29,성격,Busan,정부지원,44.9,46.7,48.5
2025-12-29,성격,Busan,정부견제,40.2,41.8,43.5
2025-12-29,성격,Busan,모름,10.0,11.3,12.6
2026-01-03,성격,Busan,정부지원,44.9,46.3,47.9
2026-01-03,성격,Busan,정부견제,40.1,41.5,43.0
2026-01-03,성격,Busan,모름,11.5,12.6,13.8
2026-01-27,성격,Busan,정부지원,46.4,48.0,49.7
2026-01-27,성격,Busan,정부견제,40.1,41.6,43.2
2026-01-27,성격,Busan,모름,8.6,9.8,11.0
2026-02-11,성격,Busan,정부지원,47.2,48.9,50.7
2026-02-11,성격,Busan,정부견제,39.9,41.5,43.0
2026-02-11,성격,Busan,모름,9.1,10.5,11.8
2026-03-04,성격,Busan,정부지원,48.0,49.7,51.4
2026-03-04,성격,Busan,정부견제,40.0,41.6,43.3
2026-03-17,성격,Busan,정부지원,48.0,49.7,51.4
2026-03-17,성격,Busan,정부견제,38.5,40.1,41.6
2026-03-17,성격,Busan,모름,9.5,10.7,12.0
2026-03-24,성격,Busan,정부지원,45.9,47.6,49.3
2026-03-24,성격,Busan,정부견제,38.3,39.9,41.5
2026-03-24,성격,Busan,모름,11.7,13.2,14.6
2026-03-29,성격,Busan,정부지원,44.8,46.6,48.3
2026-03-29,성격,Busan,정부견제,37.5,39.3,41.0
2026-03-29,성격,Busan,모름,13.4,14.9,16.4
2026-04-10,성격,Busan,정부지원,45.1,46.9,48.6
2026-04-10,성격,Busan,정부견제,38.4,40.0,41.6
2026-04-10,성격,Busan,모름,11.3,12.7,14.1
2026-04-12,성격,Busan,정부지원,45.1,46.8,48.5
2026-04-12,성격,Busan,정부견제,39.0,40.6,42.3
2026-04-12,성격,Busan,모름,10.5,11.9,13.2
2026-04-14,성격,Busan,정부지원,45.5,47.1,48.7
2026-04-14,성격,Busan,정부견제,39.1,40.6,42.1
2026-04-14,성격,Busan,모름,10.4,11.6,12.9
2026-04-18,성격,Busan,정부지원,45.6,47.1,48.5
2026-04-18,성격,Busan,정부견제,38.5,39.9,41.3
2026-04-18,성격,Busan,모름,12.3,13.5,14.8
2026-04-25,성격,Busan,정부지원,45.5,47.1,48.6
2026-04-25,성격,Busan,정부견제,38.3,39.8,41.3
2026-04-25,성격,Busan,모름,12.0,13.4,14.7
2026-04-26,성격,Busan,정부지원,45.9,47.4,48.9
2026-04-26,성격,Busan,정부견제,38.1,39.5,40.9
2026-04-26,성격,Busan,모름,12.2,13.4,14.6
2026-04-29,성격,Busan,정부지원,47.7,49.2,50.6
2026-04-29,성격,Busan,정부견제,37.8,39.3,40.8
2026-04-29,성격,Busan,모름,9.5,10.5,11.6
2026-05-10,성격,Busan,정부지원,46.1,47.8,49.5
2026-05-10,성격,Busan,정부견제,38.6,40.1,41.6
2026-05-10,성격,Busan,모름,10.0,11.5,12.9
2026-05-11,성격,Busan,정부지원,44.9,46.6,48.2
2026-05-11,성격,Busan,정부견제,39.2,40.7,42.2
2026-05-11,성격,Busan,모름,11.3,12.7,14.1
2026-05-13,성격,Busan,정부지원,45.0,46.4,47.9
2026-05-13,성격,Busan,정부견제,39.9,41.2,42.6
2026-05-13,성격,Busan,모름,10.9,12.0,13.2
2026-05-17,성격,Busan,정부지원,44.7,46.1,47.5
2026-05-17,성격,Busan,정부견제,40.4,41.7,43.0
2026-05-17,성격,Busan,모름,10.3,11.4,12.5
2026-05-18,성격,Busan,정부지원,43.8,45.0,46.2
2026-05-18,성격,Busan,정부견제,40.2,41.3,42.5
2026-05-18,성격,Busan,모름,13.1,14.0,15.0
2026-05-19,성격,Busan,정부지원,44.7,46.0,47.3
2026-05-19,성격,Busan,정부견제,40.0,41.3,42.6
2026-05-19,성격,Busan,모름,11.2,12.3,13.4
2026-05-24,성격,Busan,정부지원,44.5,45.9,47.2
2026-05-24,성격,Busan,정부견제,40.3,41.5,42.7
2026-05-24,성격,Busan,모름,11.1,12.1,13.1
2026-05-25,성격,Busan,정부지원,43.5,45.0,46.6
2026-05-25,성격,Busan,정부견제,39.6,41.1,42.5
2026-05-25,성격,Busan,모름,12.6,13.9,15.3
2026-05-26,성격,Busan,정부지원,44.7,46.1,47.5
2026-05-26,성격,Busan,정부견제,40.1,41.4,42.7
2026-05-26,성격,Busan,모름,10.9,11.8,12.8
2026-05-27,성격,Busan,정부지원,44.7,46.2,47.7
2026-05-27,성격,Busan,정부견제,39.7,41.1,42.5
2026-05-27,성격,Busan,모름,11.5,12.6,13.8
2026-01-17,다자,Ulsan,김상욱,38.0,40.5,42.9
2026-01-17,다자,Ulsan,김두겸,33.5,36.0,38.5
2026-01-17,다자,Ulsan,김종훈,10.2,12.3,14.3
2026-01-17,다자,Ulsan,없음,9.2,11.3,13.3
2026-01-20,다자,Ulsan,김상욱,36.0,38.3,40.5
2026-01-20,다자,Ulsan,김두겸,33.5,35.6,37.8
2026-01-20,다자,Ulsan,김종훈,11.1,13.0,14.8
2026-01-20,다자,Ulsan,없음,8.4,10.1,11.8
2026-01-28,다자,Ulsan,김상욱,43.2,45.6,48.0
2026-01-28,다자,Ulsan,김두겸,37.5,39.8,42.0
2026-01-28,다자,Ulsan,없음,8.6,10.4,12.2
2026-02-01,다자,Ulsan,김상욱,44.8,47.2,49.5
2026-02-01,다자,Ulsan,김두겸,38.3,40.6,42.9
2026-02-01,다자,Ulsan,없음,9.0,10.9,12.8
2026-02-06,다자,Ulsan,김상욱,44.4,46.7,49.0
2026-02-06,다자,Ulsan,김두겸,39.0,41.2,43.5
2026-02-06,다자,Ulsan,없음,10.3,12.2,14.1
2026-03-18,다자,Ulsan,김상욱,45.6,47.9,50.1
2026-03-18,다자,Ulsan,김두겸,37.6,39.7,41.9
2026-03-18,다자,Ulsan,없음,10.5,12.4,14.4
2026-04-15,다자,Ulsan,김상욱,36.0,37.6,39.2
2026-04-15,다자,Ulsan,김두겸,28.9,30.5,31.9
2026-04-15,다자,Ulsan,황명필,0.5,1.2,1.9
2026-04-15,다자,Ulsan,김종훈,12.3,13.9,15.4
2026-04-15,다자,Ulsan,박맹우,7.1,8.6,9.9
2026-04-15,다자,Ulsan,없음,5.6,6.7,7.8
2026-04-18,다자,Ulsan,김상욱,34.6,36.1,37.6
2026-04-18,다자,Ulsan,김두겸,28.7,30.1,31.6
2026-04-18,다자,Ulsan,황명필,0.4,1.1,1.9
2026-04-18,다자,Ulsan,김종훈,14.6,16.1,17.5
2026-04-18,다자,Ulsan,박맹우,7.1,8.4,9.7
2026-04-18,다자,Ulsan,없음,6.9,8.1,9.3
2026-04-26,다자,Ulsan,김상욱,35.8,37.2,38.6
2026-04-26,다자,Ulsan,김두겸,27.9,29.3,30.6
2026-04-26,다자,Ulsan,황명필,0.2,0.9,1.7
2026-04-26,다자,Ulsan,김종훈,16.9,18.1,19.4
2026-04-26,다자,Ulsan,박맹우,6.7,7.9,9.1
2026-04-26,다자,Ulsan,없음,5.5,6.5,7.6
2026-04-30,다자,Ulsan,김상욱,35.7,37.2,38.6
2026-04-30,다자,Ulsan,김두겸,28.2,29.6,31.2
2026-04-30,다자,Ulsan,황명필,0.0,0.6,1.2
2026-04-30,다자,Ulsan,김종훈,13.7,15.1,16.5
2026-04-30,다자,Ulsan,박맹우,6.5,7.7,8.9
2026-04-30,다자,Ulsan,없음,8.6,9.8,11.1
2026-05-05,다자,Ulsan,김상욱,35.0,36.5,37.9
2026-05-05,다자,Ulsan,김두겸,31.5,32.9,34.4
2026-05-05,다자,Ulsan,황명필,0.1,0.5,0.9
2026-05-05,다자,Ulsan,김종훈,13.6,15.0,16.5
2026-05-05,다자,Ulsan,박맹우,6.1,7.3,8.4
2026-05-05,다자,Ulsan,없음,4.2,5.2,6.2
2026-05-13,다자,Ulsan,김상욱,34.8,36.2,37.7
2026-05-13,다자,Ulsan,김두겸,31.3,32.7,34.2
2026-05-13,다자,Ulsan,황명필,0.4,1.0,1.6
2026-05-13,다자,Ulsan,김종훈,13.8,15.1,16.5
2026-05-13,다자,Ulsan,박맹우,4.7,5.7,6.8
2026-05-13,다자,Ulsan,없음,4.5,5.4,6.4
2026-05-19,다자,Ulsan,김상욱,35.5,37.0,38.6
2026-05-19,다자,Ulsan,김두겸,31.2,32.8,34.3
2026-05-19,다자,Ulsan,김종훈,15.0,16.5,18.1
2026-05-19,다자,Ulsan,박맹우,4.1,5.4,6.7
2026-05-19,다자,Ulsan,없음,7.0,8.3,9.5
2026-05-22,다자,Ulsan,김상욱,33.6,35.2,36.8
2026-05-22,다자,Ulsan,김두겸,27.9,29.3,30.8
2026-05-22,다자,Ulsan,김종훈,17.2,18.7,20.4
2026-05-22,다자,Ulsan,박맹우,3.1,4.3,5.5
2026-05-22,다자,Ulsan,없음,11.1,12.5,13.8
2026-05-23,다자,Ulsan,김상욱,32.5,34.3,36.1
2026-05-23,다자,Ulsan,김두겸,26.2,27.8,29.3
2026-05-23,다자,Ulsan,김종훈,18.8,20.6,22.4
2026-05-23,다자,Ulsan,박맹우,4.2,5.6,7.0
2026-05-23,다자,Ulsan,없음,10.3,11.8,13.2
2026-05-24,다자,Ulsan,김상욱,32.6,34.3,36.0
2026-05-24,다자,Ulsan,김두겸,26.5,28.0,29.6
2026-05-24,다자,Ulsan,김종훈,19.9,21.6,23.4
2026-05-24,다자,Ulsan,박맹우,4.3,5.6,6.9
2026-05-24,다자,Ulsan,없음,9.2,10.5,11.9
2026-05-25,다자,Ulsan,김상욱,33.6,35.2,36.8
2026-05-25,다자,Ulsan,김두겸,26.0,27.5,28.9
2026-05-25,다자,Ulsan,김종훈,20.5,22.1,23.8
2026-05-25,다자,Ulsan,박맹우,3.9,5.1,6.4
2026-05-25,다자,Ulsan,없음,8.8,10.1,11.4
2026-05-26,다자,Ulsan,김상욱,34.9,36.4,38.0
2026-05-26,다자,Ulsan,김두겸,29.6,31.1,32.6
2026-05-26,다자,Ulsan,김종훈,18.6,20.3,22.0
2026-05-26,다자,Ulsan,박맹우,4.0,5.2,6.4
2026-05-26,다자,Ulsan,없음,5.8,7.0,8.2
2026-01-03,성격,Ulsan,정부지원,44.0,46.3,48.6
2026-01-03,성격,Ulsan,정부견제,38.7,40.7,42.9
2026-01-03,성격,Ulsan,모름,11.8,13.5,15.3
2026-01-20,성격,Ulsan,정부지원,45.2,47.1,49.1
2026-01-20,성격,Ulsan,정부견제,38.9,40.7,42.5
2026-01-20,성격,Ulsan,모름,10.8,12.3,13.7
2026-01-28,성격,Ulsan,정부지원,46.9,48.6,50.3
2026-01-28,성격,Ulsan,정부견제,38.7,40.4,42.1
2026-01-28,성격,Ulsan,모름,8.9,10.1,11.4
2026-03-18,성격,Ulsan,정부지원,48.3,49.9,51.5
2026-03-18,성격,Ulsan,정부견제,38.2,39.8,41.3
2026-03-18,성격,Ulsan,모름,8.0,9.2,10.3
2026-04-15,성격,Ulsan,정부지원,48.4,50.0,51.7
2026-04-15,성격,Ulsan,정부견제,37.8,39.4,41.0
2026-04-15,성격,Ulsan,모름,8.9,10.1,11.3
2026-04-30,성격,Ulsan,정부지원,48.5,50.1,51.7
2026-04-30,성격,Ulsan,정부견제,37.7,39.3,40.9
2026-04-30,성격,Ulsan,모름,9.0,10.2,11.4
2026-05-13,성격,Ulsan,정부지원,47.7,49.4,51.0
2026-05-13,성격,Ulsan,정부견제,38.2,39.7,41.3
2026-05-13,성격,Ulsan,모름,9.6,10.8,12.0
2026-05-19,성격,Ulsan,정부지원,48.2,49.8,51.4
2026-05-19,성격,Ulsan,정부견제,37.6,39.2,40.9
2026-05-19,성격,Ulsan,모름,9.5,10.7,12.0
2026-05-22,성격,Ulsan,정부지원,48.8,50.5,52.2
2026-05-22,성격,Ulsan,정부견제,36.6,38.3,39.9
2026-05-22,성격,Ulsan,모름,9.7,11.1,12.4
2026-05-23,성격,Ulsan,정부지원,49.6,51.3,53.1
2026-05-23,성격,Ulsan,정부견제,35.3,37.1,38.8
2026-05-23,성격,Ulsan,모름,10.0,11.5,12.9
2026-05-25,성격,Ulsan,정부지원,50.2,52.0,53.8
2026-05-25,성격,Ulsan,정부견제,34.2,36.1,38.0
2026-05-25,성격,Ulsan,모름,10.5,11.9,13.3
2026-05-26,성격,Ulsan,정부지원,50.1,52.1,54.2
2026-05-26,성격,Ulsan,정부견제,34.6,36.6,38.7
2026-05-26,성격,Ulsan,모름,8.9,10.3,11.7
2025-12-21,양자,Incheon,박찬대,50.1,51.8,53.7
2025-12-21,양자,Incheon,유정복,33.5,35.7,37.9
2025-12-21,양자,Incheon,없음,9.0,10.6,12.3
2026-01-10,양자,Incheon,박찬대,50.5,52.1,53.8
2026-01-10,양자,Incheon,유정복,33.3,35.3,37.3
2026-01-10,양자,Incheon,없음,11.0,12.6,14.2
2026-02-09,양자,Incheon,박찬대,49.7,51.3,52.7
2026-02-09,양자,Incheon,유정복,31.7,33.5,35.3
2026-02-09,양자,Incheon,없음,13.7,15.2,16.8
2026-02-21,양자,Incheon,박찬대,49.1,50.8,52.1
2026-02-21,양자,Incheon,유정복,29.7,31.5,33.4
2026-02-21,양자,Incheon,없음,16.0,17.7,19.5
2026-03-03,양자,Incheon,박찬대,49.9,51.3,52.7
2026-03-03,양자,Incheon,유정복,29.6,31.4,33.2
2026-03-03,양자,Incheon,없음,15.1,16.8,18.4
2026-04-08,양자,Incheon,박찬대,50.4,51.8,53.2
2026-04-08,양자,Incheon,유정복,31.2,33.0,34.9
2026-04-08,양자,Incheon,없음,13.7,15.3,16.9
2026-04-24,양자,Incheon,박찬대,50.3,51.6,53.0
2026-04-24,양자,Incheon,유정복,32.0,33.8,35.6
2026-04-24,양자,Incheon,없음,10.9,12.4,13.8
2026-04-29,양자,Incheon,박찬대,51.4,52.7,54.3
2026-04-29,양자,Incheon,유정복,33.0,34.7,36.5
2026-04-29,양자,Incheon,없음,9.2,10.5,11.9
2026-05-04,양자,Incheon,박찬대,50.8,52.2,53.6
2026-05-04,양자,Incheon,유정복,34.7,36.6,38.5
2026-05-04,양자,Incheon,없음,7.2,8.6,10.0
2026-05-11,양자,Incheon,박찬대,50.6,52.0,53.4
2026-05-11,양자,Incheon,유정복,35.4,37.4,39.3
2026-05-11,양자,Incheon,없음,6.0,7.4,8.8
2026-05-15,양자,Incheon,박찬대,49.3,50.9,52.2
2026-05-15,양자,Incheon,유정복,35.6,37.5,39.3
2026-05-15,양자,Incheon,없음,6.9,8.3,9.7
2026-05-23,양자,Incheon,박찬대,50.8,52.4,53.8
2026-05-23,양자,Incheon,유정복,37.1,39.0,40.8
2026-05-23,양자,Incheon,없음,7.2,8.6,10.0
2026-05-24,양자,Incheon,박찬대,50.6,52.0,53.4
2026-05-24,양자,Incheon,유정복,36.4,38.2,39.9
2026-05-24,양자,Incheon,없음,8.5,9.8,11.1
2026-05-26,양자,Incheon,박찬대,50.6,52.2,53.9
2026-05-26,양자,Incheon,유정복,36.0,38.1,40.3
2026-05-26,양자,Incheon,없음,7.9,9.7,11.3
2026-03-18,다자,Chungnam,박수현,45.0,47.1,49.0
2026-03-18,다자,Chungnam,김태흠,31.5,33.7,35.8
2026-03-18,다자,Chungnam,없음,10.2,12.0,13.8
2026-03-24,다자,Chungnam,박수현,45.3,47.3,49.0
2026-03-24,다자,Chungnam,김태흠,32.4,34.5,36.5
2026-03-24,다자,Chungnam,없음,10.9,12.6,14.3
2026-04-07,다자,Chungnam,박수현,47.1,49.0,50.8
2026-04-07,다자,Chungnam,김태흠,33.4,35.4,37.4
2026-04-07,다자,Chungnam,없음,13.8,15.6,17.5
2026-04-08,다자,Chungnam,박수현,47.1,48.8,50.7
2026-04-08,다자,Chungnam,김태흠,31.5,33.3,35.3
2026-04-08,다자,Chungnam,없음,14.8,16.6,18.4
2026-04-09,다자,Chungnam,박수현,48.2,50.0,51.9
2026-04-09,다자,Chungnam,김태흠,31.5,33.4,35.3
2026-04-09,다자,Chungnam,없음,14.8,16.6,18.4
2026-04-19,다자,Chungnam,박수현,47.2,48.9,50.6
2026-04-19,다자,Chungnam,김태흠,30.0,31.8,33.6
2026-04-19,다자,Chungnam,이은창,0.0,0.8,1.7
2026-04-19,다자,Chungnam,없음,15.4,17.2,18.9
2026-04-22,다자,Chungnam,박수현,47.8,49.5,51.4
2026-04-22,다자,Chungnam,김태흠,29.5,31.3,33.1
2026-04-22,다자,Chungnam,이은창,1.5,2.6,3.7
2026-04-22,다자,Chungnam,없음,12.6,14.2,15.7
2026-04-27,다자,Chungnam,박수현,48.3,49.9,51.6
2026-04-27,다자,Chungnam,김태흠,28.9,30.8,32.7
2026-04-27,다자,Chungnam,이은창,0.8,1.5,2.2
2026-04-27,다자,Chungnam,없음,14.8,16.6,18.2
2026-05-02,다자,Chungnam,박수현,48.1,49.8,51.7
2026-05-02,다자,Chungnam,김태흠,30.3,32.3,34.2
2026-05-02,다자,Chungnam,이은창,2.0,3.2,4.4
2026-05-02,다자,Chungnam,없음,11.8,13.4,15.0
2026-05-08,다자,Chungnam,박수현,47.9,49.5,51.3
2026-05-08,다자,Chungnam,김태흠,32.3,34.0,35.7
2026-05-08,다자,Chungnam,이은창,3.1,4.1,5.2
2026-05-08,다자,Chungnam,없음,10.2,11.5,12.8
2026-05-09,다자,Chungnam,박수현,47.4,49.0,50.8
2026-05-09,다자,Chungnam,김태흠,33.5,35.3,37.1
2026-05-09,다자,Chungnam,이은창,2.2,3.3,4.3
2026-05-09,다자,Chungnam,없음,9.4,10.8,12.1
2026-05-17,다자,Chungnam,박수현,47.0,48.8,50.5
2026-05-17,다자,Chungnam,김태흠,34.1,36.0,37.9
2026-05-17,다자,Chungnam,없음,13.5,15.2,16.9
2026-05-19,다자,Chungnam,박수현,45.6,47.5,49.1
2026-05-19,다자,Chungnam,김태흠,33.4,35.2,37.0
2026-05-19,다자,Chungnam,없음,15.7,17.3,18.9
2026-05-23,다자,Chungnam,박수현,46.3,48.1,49.8
2026-05-23,다자,Chungnam,김태흠,34.8,36.8,38.8
2026-05-23,다자,Chungnam,없음,13.3,15.1,16.8
2026-05-25,다자,Chungnam,박수현,45.5,47.5,49.3
2026-05-25,다자,Chungnam,김태흠,35.1,37.2,39.3
2026-05-25,다자,Chungnam,없음,13.5,15.3,17.1
2026-02-11,성격,Chungnam,정부지원,50.8,53.0,55.1
2026-02-11,성격,Chungnam,정부견제,31.9,34.0,36.1
2026-02-11,성격,Chungnam,모름,10.1,11.8,13.4
2026-02-23,성격,Chungnam,정부지원,50.6,52.4,54.2
2026-02-23,성격,Chungnam,정부견제,32.2,34.0,35.7
2026-02-23,성격,Chungnam,모름,11.7,13.1,14.6
2026-03-18,성격,Chungnam,정부지원,50.2,51.8,53.5
2026-03-18,성격,Chungnam,정부견제,32.4,34.0,35.6
2026-03-18,성격,Chungnam,모름,12.7,14.1,15.6
2026-03-24,성격,Chungnam,정부지원,50.2,51.8,53.4
2026-03-24,성격,Chungnam,정부견제,33.3,34.9,36.4
2026-03-24,성격,Chungnam,모름,11.5,12.8,14.1
2026-04-08,성격,Chungnam,정부지원,50.5,52.1,53.7
2026-04-08,성격,Chungnam,정부견제,33.3,34.9,36.5
2026-04-08,성격,Chungnam,모름,10.5,11.8,13.0
2026-04-09,성격,Chungnam,정부지원,50.1,51.7,53.3
2026-04-09,성격,Chungnam,정부견제,33.0,34.6,36.2
2026-04-09,성격,Chungnam,모름,11.8,13.2,14.6
2026-04-19,성격,Chungnam,정부지원,49.8,51.4,53.1
2026-04-19,성격,Chungnam,정부견제,33.5,35.1,36.7
2026-04-19,성격,Chungnam,모름,11.6,12.9,14.4
2026-04-22,성격,Chungnam,정부지원,49.8,51.3,52.9
2026-04-22,성격,Chungnam,정부견제,33.8,35.4,36.9
2026-04-22,성격,Chungnam,모름,11.3,12.6,13.8
2026-04-27,성격,Chungnam,정부지원,49.1,50.7,52.2
2026-04-27,성격,Chungnam,정부견제,33.8,35.4,37.0
2026-04-27,성격,Chungnam,모름,12.2,13.6,15.0
2026-05-17,성격,Chungnam,정부지원,47.8,49.6,51.3
2026-05-17,성격,Chungnam,정부견제,35.7,37.3,39.0
2026-05-17,성격,Chungnam,모름,11.7,13.1,14.4
2026-05-19,성격,Chungnam,정부지원,48.1,49.8,51.4
2026-05-19,성격,Chungnam,정부견제,36.2,37.9,39.5
2026-05-19,성격,Chungnam,모름,10.8,12.0,13.2
2026-05-25,성격,Chungnam,정부지원,48.1,50.0,51.9
2026-05-25,성격,Chungnam,정부견제,35.9,37.9,39.9
2026-05-25,성격,Chungnam,모름,10.0,11.6,13.1
2026-02-24,다자,Sejong,조상호,45.1,47.4,49.8
2026-02-24,다자,Sejong,최민호,22.8,24.8,27.0
2026-02-24,다자,Sejong,없음,18.4,20.5,22.5
2026-04-19,다자,Sejong,조상호,49.5,51.5,53.4
2026-04-19,다자,Sejong,최민호,21.6,23.3,25.0
2026-04-19,다자,Sejong,하헌휘,0.5,1.2,1.8
2026-04-19,다자,Sejong,없음,20.1,21.9,23.7
2026-04-21,다자,Sejong,조상호,53.6,55.3,57.0
2026-04-21,다자,Sejong,최민호,20.6,22.1,23.5
2026-04-21,다자,Sejong,하헌휘,0.8,1.4,2.0
2026-04-21,다자,Sejong,없음,19.5,21.0,22.5
2026-04-28,다자,Sejong,조상호,51.2,53.1,54.9
2026-04-28,다자,Sejong,최민호,21.4,23.0,24.6
2026-04-28,다자,Sejong,하헌휘,1.4,2.2,3.0
2026-04-28,다자,Sejong,없음,19.0,20.6,22.3
2026-05-09,다자,Sejong,조상호,50.3,52.2,54.0
2026-05-09,다자,Sejong,최민호,24.0,25.7,27.4
2026-05-09,다자,Sejong,하헌휘,2.0,3.1,4.2
2026-05-09,다자,Sejong,없음,14.8,16.3,17.9
2026-05-17,다자,Sejong,조상호,49.4,51.1,52.8
2026-05-17,다자,Sejong,최민호,24.6,26.1,27.8
2026-05-17,다자,Sejong,하헌휘,2.0,3.0,4.0
2026-05-17,다자,Sejong,없음,15.4,16.9,18.3
2026-05-19,다자,Sejong,조상호,50.6,52.5,54.5
2026-05-19,다자,Sejong,최민호,25.8,27.6,29.5
2026-05-19,다자,Sejong,하헌휘,1.8,2.9,4.1
2026-05-19,다자,Sejong,없음,15.3,16.9,18.6
2026-05-23,다자,Sejong,조상호,50.8,52.9,54.8
2026-05-23,다자,Sejong,최민호,27.0,29.0,31.0
2026-05-23,다자,Sejong,하헌휘,2.5,4.0,5.6
2026-05-23,다자,Sejong,없음,12.5,14.1,15.8
2026-05-25,다자,Sejong,조상호,50.6,52.7,54.7
2026-05-25,다자,Sejong,최민호,27.4,29.3,31.4
2026-05-25,다자,Sejong,하헌휘,1.9,3.0,4.2
2026-05-25,다자,Sejong,없음,13.1,14.9,16.7
2025-12-27,성격,Sejong,정부지원,52.9,55.1,57.3
2025-12-27,성격,Sejong,정부견제,28.9,31.0,33.1
2025-12-27,성격,Sejong,모름,12.2,13.9,15.7
2026-01-27,성격,Sejong,정부지원,54.0,56.0,57.9
2026-01-27,성격,Sejong,정부견제,28.7,30.4,32.2
2026-01-27,성격,Sejong,모름,12.2,13.7,15.3
2026-02-24,성격,Sejong,정부지원,55.9,57.7,59.5
2026-02-24,성격,Sejong,정부견제,28.4,29.9,31.6
2026-02-24,성격,Sejong,모름,10.5,11.9,13.4
2026-03-18,성격,Sejong,정부지원,57.9,59.6,61.4
2026-03-18,성격,Sejong,정부견제,27.4,29.1,30.7
2026-03-18,성격,Sejong,모름,9.3,10.6,11.9
2026-04-19,성격,Sejong,정부지원,59.1,60.8,62.6
2026-04-19,성격,Sejong,정부견제,26.9,28.6,30.1
2026-04-19,성격,Sejong,모름,8.4,9.7,11.1
2026-04-21,성격,Sejong,정부지원,59.9,61.6,63.4
2026-04-21,성격,Sejong,정부견제,26.4,28.1,29.6
2026-04-21,성격,Sejong,모름,7.9,9.1,10.3
2026-04-28,성격,Sejong,정부지원,58.7,60.4,62.1
2026-04-28,성격,Sejong,정부견제,26.6,28.2,29.8
2026-04-28,성격,Sejong,모름,9.5,10.9,12.3
2026-05-17,성격,Sejong,정부지원,57.7,59.5,61.2
2026-05-17,성격,Sejong,정부견제,27.7,29.3,31.0
2026-05-17,성격,Sejong,모름,9.2,10.5,11.8
2026-05-19,성격,Sejong,정부지원,56.5,58.4,60.4
2026-05-19,성격,Sejong,정부견제,28.1,30.0,31.8
2026-05-19,성격,Sejong,모름,9.9,11.4,12.8
2026-05-25,성격,Sejong,정부지원,56.1,58.3,60.6
2026-05-25,성격,Sejong,정부견제,28.3,30.3,32.5
2026-05-25,성격,Sejong,모름,9.2,10.8,12.4
2026-03-17,다자,Gyeonggi,추미애,50.5,52.2,53.9
2026-03-17,다자,Gyeonggi,양향자,19.9,21.9,23.8
2026-03-17,다자,Gyeonggi,없음,16.3,18.1,19.9
2026-03-25,다자,Gyeonggi,추미애,53.6,55.2,56.7
2026-03-25,다자,Gyeonggi,양향자,21.0,22.7,24.4
2026-03-25,다자,Gyeonggi,없음,20.4,22.1,23.8
2026-04-10,다자,Gyeonggi,추미애,52.2,53.6,55.2
2026-04-10,다자,Gyeonggi,양향자,22.7,24.3,25.9
2026-04-10,다자,Gyeonggi,없음,15.1,16.5,17.9
2026-05-05,다자,Gyeonggi,추미애,50.2,51.5,52.8
2026-05-05,다자,Gyeonggi,양향자,22.3,23.8,25.5
2026-05-05,다자,Gyeonggi,조응천,5.3,6.6,8.0
2026-05-05,다자,Gyeonggi,없음,14.6,15.9,17.3
2026-05-06,다자,Gyeonggi,추미애,48.5,49.6,50.6
2026-05-06,다자,Gyeonggi,양향자,20.0,21.1,22.2
2026-05-06,다자,Gyeonggi,조응천,6.4,7.3,8.2
2026-05-06,다자,Gyeonggi,홍성규,0.3,0.6,0.9
2026-05-06,다자,Gyeonggi,없음,20.1,21.1,22.1
2026-05-15,다자,Gyeonggi,추미애,49.9,51.2,52.5
2026-05-15,다자,Gyeonggi,양향자,25.3,26.8,28.3
2026-05-15,다자,Gyeonggi,조응천,4.5,5.6,6.8
2026-05-15,다자,Gyeonggi,없음,12.7,14.1,15.4
2026-05-26,다자,Gyeonggi,추미애,51.8,53.0,54.3
2026-05-26,다자,Gyeonggi,양향자,29.3,30.6,31.9
2026-05-26,다자,Gyeonggi,조응천,4.1,5.1,6.1
2026-05-26,다자,Gyeonggi,홍성규,0.5,1.1,1.9
2026-05-26,다자,Gyeonggi,없음,9.1,10.1,11.2
2026-05-27,다자,Gyeonggi,추미애,51.4,53.1,54.7
2026-05-27,다자,Gyeonggi,양향자,30.4,32.4,34.4
2026-05-27,다자,Gyeonggi,조응천,4.0,5.4,6.7
2026-05-27,다자,Gyeonggi,홍성규,0.2,1.0,2.0
2026-05-27,다자,Gyeonggi,없음,6.6,8.1,9.5
2025-12-27,성격,Gyeonggi,정부지원,51.1,53.3,55.5
2025-12-27,성격,Gyeonggi,정부견제,35.7,37.9,40.1
2025-12-27,성격,Gyeonggi,모름,7.0,8.5,10.0
2025-12-29,성격,Gyeonggi,정부지원,51.7,53.7,55.5
2025-12-29,성격,Gyeonggi,정부견제,35.5,37.3,39.1
2025-12-29,성격,Gyeonggi,모름,7.6,8.9,10.3
2026-01-04,성격,Gyeonggi,정부지원,51.9,53.6,55.3
2026-01-04,성격,Gyeonggi,정부견제,35.5,37.1,38.8
2026-01-04,성격,Gyeonggi,모름,8.1,9.3,10.5
2026-02-10,성격,Gyeonggi,정부지원,53.6,55.1,56.6
2026-02-10,성격,Gyeonggi,정부견제,34.7,36.2,37.7
2026-02-10,성격,Gyeonggi,모름,6.7,7.7,8.6
2026-02-11,성격,Gyeonggi,정부지원,52.9,54.5,56.2
2026-02-11,성격,Gyeonggi,정부견제,34.4,35.9,37.5
2026-02-11,성격,Gyeonggi,모름,6.9,8.2,9.5
2026-02-14,성격,Gyeonggi,정부지원,52.2,53.9,55.5
2026-02-14,성격,Gyeonggi,정부견제,34.0,35.7,37.3
2026-02-14,성격,Gyeonggi,모름,7.7,8.9,10.1
2026-02-20,성격,Gyeonggi,정부지원,52.6,54.3,55.9
2026-02-20,성격,Gyeonggi,정부견제,31.8,33.5,35.0
2026-02-20,성격,Gyeonggi,모름,9.3,10.5,11.7
2026-02-21,성격,Gyeonggi,정부지원,51.6,53.2,54.8
2026-02-21,성격,Gyeonggi,정부견제,29.5,31.0,32.5
2026-02-21,성격,Gyeonggi,모름,14.0,15.4,16.8
2026-03-17,성격,Gyeonggi,정부지원,52.5,53.9,55.2
2026-03-17,성격,Gyeonggi,정부견제,29.6,30.9,32.1
2026-03-17,성격,Gyeonggi,모름,14.2,15.2,16.2
2026-03-23,성격,Gyeonggi,정부지원,53.9,55.6,57.1
2026-03-23,성격,Gyeonggi,정부견제,29.4,31.0,32.4
2026-03-23,성격,Gyeonggi,모름,11.4,12.7,14.0
2026-03-25,성격,Gyeonggi,정부지원,55.9,57.4,58.9
2026-03-25,성격,Gyeonggi,정부견제,29.3,30.7,32.1
2026-03-25,성격,Gyeonggi,모름,8.8,9.7,10.7
2026-03-27,성격,Gyeonggi,정부지원,54.6,56.2,57.8
2026-03-27,성격,Gyeonggi,정부견제,29.1,30.7,32.3
2026-03-27,성격,Gyeonggi,모름,10.1,11.3,12.6
2026-04-03,성격,Gyeonggi,정부지원,52.9,54.6,56.2
2026-04-03,성격,Gyeonggi,정부견제,28.4,29.9,31.4
2026-04-03,성격,Gyeonggi,모름,13.4,14.8,16.3
2026-04-04,성격,Gyeonggi,정부지원,53.6,55.2,56.8
2026-04-04,성격,Gyeonggi,정부견제,30.3,31.8,33.3
2026-04-04,성격,Gyeonggi,모름,11.0,12.3,13.6
2026-04-10,성격,Gyeonggi,정부지원,54.8,56.3,57.8
2026-04-10,성격,Gyeonggi,정부견제,31.0,32.4,33.8
2026-04-10,성격,Gyeonggi,모름,9.6,10.7,11.8
2026-05-06,성격,Gyeonggi,정부지원,55.8,57.2,58.7
2026-05-06,성격,Gyeonggi,정부견제,31.3,32.7,34.2
2026-05-06,성격,Gyeonggi,모름,7.9,8.9,9.9
2026-05-26,성격,Gyeonggi,정부지원,54.4,56.4,58.3
2026-05-26,성격,Gyeonggi,정부견제,31.7,33.6,35.5
2026-05-26,성격,Gyeonggi,모름,7.6,9.0,10.4
2026-02-14,양자,Chungbuk,신용한,45.2,47.3,49.2
2026-02-14,양자,Chungbuk,김영환,27.0,29.0,31.0
2026-02-14,양자,Chungbuk,없음,21.7,23.8,25.9
2026-03-05,양자,Chungbuk,신용한,46.6,48.3,50.0
2026-03-05,양자,Chungbuk,김영환,27.4,29.1,30.8
2026-03-05,양자,Chungbuk,없음,20.9,22.6,24.3
2026-04-11,양자,Chungbuk,신용한,49.1,50.9,52.8
2026-04-11,양자,Chungbuk,김영환,29.5,31.3,33.0
2026-04-11,양자,Chungbuk,없음,16.3,17.8,19.4
2026-04-22,양자,Chungbuk,신용한,50.3,52.1,54.1
2026-04-22,양자,Chungbuk,김영환,32.0,33.7,35.4
2026-04-22,양자,Chungbuk,없음,12.8,14.1,15.5
2026-04-29,양자,Chungbuk,신용한,49.3,51.0,52.9
2026-04-29,양자,Chungbuk,김영환,33.6,35.4,37.2
2026-04-29,양자,Chungbuk,없음,12.1,13.6,15.1
2026-05-16,양자,Chungbuk,신용한,48.5,50.1,51.9
2026-05-16,양자,Chungbuk,김영환,34.0,35.8,37.6
2026-05-16,양자,Chungbuk,없음,12.6,14.1,15.6
2026-05-20,양자,Chungbuk,신용한,46.9,48.6,50.2
2026-05-20,양자,Chungbuk,김영환,32.3,34.0,35.7
2026-05-20,양자,Chungbuk,없음,15.8,17.4,19.0
2026-05-21,양자,Chungbuk,신용한,46.3,48.0,49.6
2026-05-21,양자,Chungbuk,김영환,33.2,35.0,36.7
2026-05-21,양자,Chungbuk,없음,15.5,17.0,18.6
2026-05-24,양자,Chungbuk,신용한,45.7,47.5,49.3
2026-05-24,양자,Chungbuk,김영환,32.2,33.9,35.8
2026-05-24,양자,Chungbuk,없음,16.9,18.5,20.2
2026-05-25,양자,Chungbuk,신용한,46.1,47.9,49.6
2026-05-25,양자,Chungbuk,김영환,31.8,33.7,35.5
2026-05-25,양자,Chungbuk,없음,16.8,18.4,20.1
2026-05-26,양자,Chungbuk,신용한,44.9,47.0,48.9
2026-05-26,양자,Chungbuk,김영환,30.7,32.7,34.7
2026-05-26,양자,Chungbuk,없음,18.4,20.3,22.2
2026-03-04,성격,Chungbuk,정부지원,53.5,55.6,57.6
2026-03-04,성격,Chungbuk,정부견제,32.8,34.8,36.8
2026-03-04,성격,Chungbuk,모름,7.9,9.4,10.8
2026-03-05,성격,Chungbuk,정부지원,53.9,55.8,57.5
2026-03-05,성격,Chungbuk,정부견제,33.0,34.7,36.4
2026-03-05,성격,Chungbuk,모름,7.7,8.9,10.0
2026-03-24,성격,Chungbuk,정부지원,53.7,55.3,57.0
2026-03-24,성격,Chungbuk,정부견제,32.9,34.6,36.2
2026-03-24,성격,Chungbuk,모름,8.9,10.1,11.4
2026-04-11,성격,Chungbuk,정부지원,52.9,54.6,56.2
2026-04-11,성격,Chungbuk,정부견제,33.5,35.1,36.6
2026-04-11,성격,Chungbuk,모름,9.3,10.6,11.9
2026-04-22,성격,Chungbuk,정부지원,51.5,53.2,54.9
2026-04-22,성격,Chungbuk,정부견제,34.8,36.4,38.0
2026-04-22,성격,Chungbuk,모름,9.0,10.2,11.5
2026-05-20,성격,Chungbuk,정부지원,51.0,52.7,54.5
2026-05-20,성격,Chungbuk,정부견제,35.6,37.2,39.0
2026-05-20,성격,Chungbuk,모름,7.6,8.7,9.9
2026-05-21,성격,Chungbuk,정부지원,49.2,51.2,53.3
2026-05-21,성격,Chungbuk,정부견제,36.1,38.1,40.1
2026-05-21,성격,Chungbuk,모름,8.8,10.2,11.7
2026-05-24,성격,Chungbuk,정부지원,48.5,51.0,53.4
2026-05-24,성격,Chungbuk,정부견제,35.6,37.9,40.3
2026-05-24,성격,Chungbuk,모름,9.3,11.1,13.0
2026-05-01,다자,Jeonbuk,이원택,39.5,41.6,43.7
2026-05-01,다자,Jeonbuk,양정무,2.4,3.7,4.9
2026-05-01,다자,Jeonbuk,김관영,40.0,42.3,44.6
2026-05-01,다자,Jeonbuk,없음,10.6,12.5,14.3
2026-05-10,다자,Jeonbuk,이원택,39.5,41.3,43.1
2026-05-10,다자,Jeonbuk,양정무,3.1,4.1,5.1
2026-05-10,다자,Jeonbuk,백승재,1.4,2.0,2.8
2026-05-10,다자,Jeonbuk,김관영,41.3,43.3,45.2
2026-05-10,다자,Jeonbuk,없음,7.9,9.2,10.5
2026-05-17,다자,Jeonbuk,이원택,39.3,41.1,42.9
2026-05-17,다자,Jeonbuk,양정무,3.1,4.2,5.5
2026-05-17,다자,Jeonbuk,백승재,1.2,1.9,2.8
2026-05-17,다자,Jeonbuk,김관영,41.7,43.6,45.6
2026-05-17,다자,Jeonbuk,없음,7.7,9.1,10.5
2026-05-19,다자,Jeonbuk,이원택,38.8,40.5,42.1
2026-05-19,다자,Jeonbuk,양정무,2.3,3.4,4.5
2026-05-19,다자,Jeonbuk,백승재,0.7,1.6,2.4
2026-05-19,다자,Jeonbuk,김관영,41.9,43.8,45.8
2026-05-19,다자,Jeonbuk,없음,9.0,10.6,12.1
2026-05-22,다자,Jeonbuk,이원택,38.7,40.5,42.1
2026-05-22,다자,Jeonbuk,양정무,1.9,3.1,4.2
2026-05-22,다자,Jeonbuk,백승재,0.9,1.7,2.6
2026-05-22,다자,Jeonbuk,김관영,44.5,46.3,48.2
2026-05-22,다자,Jeonbuk,없음,7.0,8.4,9.9
2026-05-23,다자,Jeonbuk,이원택,38.3,40.0,41.7
2026-05-23,다자,Jeonbuk,양정무,2.4,3.5,4.7
2026-05-23,다자,Jeonbuk,백승재,0.6,1.6,2.4
2026-05-23,다자,Jeonbuk,김관영,45.6,47.3,49.1
2026-05-23,다자,Jeonbuk,없음,6.2,7.6,8.9
2026-05-24,다자,Jeonbuk,이원택,38.1,39.9,41.5
2026-05-24,다자,Jeonbuk,양정무,2.2,3.4,4.7
2026-05-24,다자,Jeonbuk,백승재,0.5,1.5,2.3
2026-05-24,다자,Jeonbuk,김관영,44.4,46.3,48.3
2026-05-24,다자,Jeonbuk,없음,7.4,8.9,10.5
2026-05-25,다자,Jeonbuk,이원택,38.1,39.9,41.6
2026-05-25,다자,Jeonbuk,양정무,0.9,2.1,3.4
2026-05-25,다자,Jeonbuk,백승재,0.4,1.4,2.2
2026-05-25,다자,Jeonbuk,김관영,44.2,46.2,48.2
2026-05-25,다자,Jeonbuk,없음,8.7,10.3,12.0
2026-05-26,다자,Jeonbuk,이원택,38.5,40.4,42.3
2026-05-26,다자,Jeonbuk,양정무,1.4,2.6,3.8
2026-05-26,다자,Jeonbuk,백승재,0.5,1.5,2.3
2026-05-26,다자,Jeonbuk,김관영,44.6,46.6,48.6
2026-05-26,다자,Jeonbuk,없음,7.4,8.9,10.5
2026-05-27,다자,Jeonbuk,이원택,39.1,41.3,43.7
2026-05-27,다자,Jeonbuk,양정무,0.9,2.2,3.4
2026-05-27,다자,Jeonbuk,백승재,0.2,1.3,2.2
2026-05-27,다자,Jeonbuk,김관영,42.0,44.3,46.6
2026-05-27,다자,Jeonbuk,없음,9.1,10.9,12.8
2026-03-04,다자,Jeju,위성곤,53.1,55.9,58.5
2026-03-04,다자,Jeju,문성유,14.1,16.5,18.9
2026-03-04,다자,Jeju,없음,25.3,27.6,29.9
2026-03-24,다자,Jeju,위성곤,49.6,52.0,54.2
2026-03-24,다자,Jeju,문성유,10.7,12.3,14.0
2026-03-24,다자,Jeju,양윤녕,0.3,1.0,1.8
2026-03-24,다자,Jeju,없음,32.6,34.7,36.8
2026-04-05,다자,Jeju,위성곤,50.8,52.9,54.9
2026-04-05,다자,Jeju,문성유,10.3,11.9,13.6
2026-04-05,다자,Jeju,양윤녕,0.0,0.5,1.4
2026-04-05,다자,Jeju,없음,32.7,34.7,36.7
2026-04-14,다자,Jeju,위성곤,53.0,55.0,57.1
2026-04-14,다자,Jeju,문성유,9.4,10.7,12.0
2026-04-14,다자,Jeju,양윤녕,0.4,1.1,1.7
2026-04-14,다자,Jeju,없음,31.2,33.2,35.1
2026-05-17,다자,Jeju,위성곤,54.3,56.3,58.4
2026-05-17,다자,Jeju,문성유,14.0,15.7,17.5
2026-05-17,다자,Jeju,양윤녕,0.3,1.3,2.3
2026-05-17,다자,Jeju,없음,24.8,26.6,28.5
2026-05-24,다자,Jeju,위성곤,56.2,58.3,60.5
2026-05-24,다자,Jeju,문성유,16.7,18.6,20.6
2026-05-24,다자,Jeju,양윤녕,0.9,2.0,3.2
2026-05-24,다자,Jeju,없음,19.1,21.0,22.8
2026-05-25,다자,Jeju,위성곤,56.3,58.8,61.1
2026-05-25,다자,Jeju,문성유,19.3,21.5,23.8
2026-05-25,다자,Jeju,양윤녕,1.3,2.6,3.9
2026-05-25,다자,Jeju,없음,15.2,17.0,18.9
2026-02-01,성격,Jeju,정부지원,61.8,64.0,65.9
2026-02-01,성격,Jeju,정부견제,23.3,25.3,27.3
2026-02-01,성격,Jeju,모름,9.7,11.2,12.8
2026-03-04,성격,Jeju,정부지원,62.5,64.3,66.0
2026-03-04,성격,Jeju,정부견제,23.1,24.8,26.5
2026-03-04,성격,Jeju,모름,9.5,10.8,12.2
2026-03-17,성격,Jeju,정부지원,63.2,64.9,66.5
2026-03-17,성격,Jeju,정부견제,21.9,23.4,24.9
2026-03-17,성격,Jeju,모름,10.1,11.5,12.9
2026-04-05,성격,Jeju,정부지원,63.9,65.6,67.3
2026-04-05,성격,Jeju,정부견제,21.3,22.9,24.5
2026-04-05,성격,Jeju,모름,9.6,10.8,12.1
2026-04-14,성격,Jeju,정부지원,63.8,65.6,67.4
2026-04-14,성격,Jeju,정부견제,21.9,23.6,25.2
2026-04-14,성격,Jeju,모름,8.8,10.0,11.2
2026-05-17,성격,Jeju,정부지원,62.7,64.7,66.6
2026-05-17,성격,Jeju,정부견제,23.4,25.4,27.5
2026-05-17,성격,Jeju,모름,7.7,9.3,10.8
